insert into user (iduser, name, surname, phone, email, password) values (1, 'Sharron', 'Filasov', '685-932-3798', 'sfilasov0@nyu.edu', 'D6kpDLJNzZSI');
insert into user (iduser, name, surname, phone, email, password) values (2, 'Josy', 'Baumadier', '705-297-9135', 'jbaumadier1@webs.com', 'AAPciXCN');
insert into user (iduser, name, surname, phone, email, password) values (3, 'Shalna', 'Rule', '302-370-7489', 'srule2@mozilla.org', 'IWN3KaX5jL');
insert into user (iduser, name, surname, phone, email, password) values (4, 'Rice', 'Virr', '545-163-8630', 'rvirr3@cyberchimps.com', 'lf1laFe');
insert into user (iduser, name, surname, phone, email, password) values (5, 'Ricca', 'Budibent', '181-695-1253', 'rbudibent4@yandex.ru', 'AOwuuez');
insert into user (iduser, name, surname, phone, email, password) values (6, 'Julianna', 'Carlson', '338-659-8877', 'jcarlson5@usnews.com', 'ar9pzgECb56u');
insert into user (iduser, name, surname, phone, email, password) values (7, 'Chev', 'Clatworthy', '317-890-2529', 'cclatworthy6@csmonitor.com', '68lYBansRV');
insert into user (iduser, name, surname, phone, email, password) values (8, 'Roosevelt', 'Attrill', '838-185-5726', 'rattrill7@bloglovin.com', 'XxHiQJ');
insert into user (iduser, name, surname, phone, email, password) values (9, 'Ilene', 'Whithorn', '580-942-3097', 'iwhithorn8@godaddy.com', 'KcY4Rt6Q25l');
insert into user (iduser, name, surname, phone, email, password) values (10, 'Derril', 'Colrein', '761-374-4524', 'dcolrein9@mashable.com', 'SwRA7N7RxBF');
insert into user (iduser, name, surname, phone, email, password) values (11, 'Lambert', 'Carress', '657-960-8717', 'lcarressa@goodreads.com', 'WaKQe2L');
insert into user (iduser, name, surname, phone, email, password) values (12, 'Therese', 'Grief', '844-159-9051', 'tgriefb@slideshare.net', 'ifFXob');
insert into user (iduser, name, surname, phone, email, password) values (13, 'Fran', 'Stockney', '523-426-5135', 'fstockneyc@google.it', 'i1yoiomTR');
insert into user (iduser, name, surname, phone, email, password) values (14, 'Jeanelle', 'Ellershaw', '413-390-8251', 'jellershawd@php.net', 'r7OHhTUnmEdt');
insert into user (iduser, name, surname, phone, email, password) values (15, 'Cathryn', 'Baitman', '956-552-2416', 'cbaitmane@weebly.com', 'M941RVn');
insert into user (iduser, name, surname, phone, email, password) values (16, 'Janessa', 'Adlam', '859-590-8718', 'jadlamf@vistaprint.com', 'FlkA5VF29');
insert into user (iduser, name, surname, phone, email, password) values (17, 'Wendeline', 'Rosenvasser', '443-793-7583', 'wrosenvasserg@imdb.com', 'r94nCPJxPHs');
insert into user (iduser, name, surname, phone, email, password) values (18, 'Polly', 'Wiltshire', '779-876-9903', 'pwiltshireh@de.vu', 'WftOapB');
insert into user (iduser, name, surname, phone, email, password) values (19, 'Derron', 'Shelliday', '664-182-2621', 'dshellidayi@engadget.com', 'LCc4cBpYH');
insert into user (iduser, name, surname, phone, email, password) values (20, 'Magdalen', 'Boarer', '465-828-3177', 'mboarerj@cbsnews.com', 'nT3v0rHF5o5');
insert into user (iduser, name, surname, phone, email, password) values (21, 'Isaac', 'Jeannel', '572-370-3838', 'ijeannelk@intel.com', 'fc5GSw7vPx');
insert into user (iduser, name, surname, phone, email, password) values (22, 'Berk', 'Caldicot', '374-794-2147', 'bcaldicotl@bravesites.com', 'n5iMHDa9H5');
insert into user (iduser, name, surname, phone, email, password) values (23, 'Marcel', 'Foxall', '164-777-4510', 'mfoxallm@webmd.com', 'LEoM0WjCgm');
insert into user (iduser, name, surname, phone, email, password) values (24, 'Karlyn', 'Fishburn', '801-174-7293', 'kfishburnn@msu.edu', 'xAeUOf2SNqf');
insert into user (iduser, name, surname, phone, email, password) values (25, 'Guenna', 'Paulsson', '963-176-6301', 'gpaulssono@usa.gov', 'xnVvAVGlabEu');
insert into user (iduser, name, surname, phone, email, password) values (26, 'Natty', 'Iwanowski', '954-763-4604', 'niwanowskip@purevolume.com', 'LnCMYIo');
insert into user (iduser, name, surname, phone, email, password) values (27, 'Orlan', 'McGeechan', '405-972-6308', 'omcgeechanq@is.gd', '6tB8X96Bhu');
insert into user (iduser, name, surname, phone, email, password) values (28, 'Durante', 'Gillitt', '964-872-8220', 'dgillittr@amazonaws.com', 'NDdBB5y');
insert into user (iduser, name, surname, phone, email, password) values (29, 'Wolfie', 'Peat', '206-989-1609', 'wpeats@biblegateway.com', 'd5ASfheryX0d');
insert into user (iduser, name, surname, phone, email, password) values (30, 'Chet', 'Crothers', '649-794-0283', 'ccrotherst@boston.com', 'JPp2PkfX1o');
insert into user (iduser, name, surname, phone, email, password) values (31, 'Kessiah', 'Jackes', '190-391-2385', 'kjackesu@cam.ac.uk', 'AhllI4D8');
insert into user (iduser, name, surname, phone, email, password) values (32, 'Bev', 'Ehrat', '467-467-8312', 'behratv@pcworld.com', 'M9eofztbM8');
insert into user (iduser, name, surname, phone, email, password) values (33, 'Torey', 'Chesworth', '445-459-6391', 'tchesworthw@who.int', '5jdsTbk');
insert into user (iduser, name, surname, phone, email, password) values (34, 'Gale', 'Epton', '337-398-3754', 'geptonx@ocn.ne.jp', 'HS8b0FKB');
insert into user (iduser, name, surname, phone, email, password) values (35, 'Zacherie', 'Hackly', '776-494-0373', 'zhacklyy@hao123.com', 'PTaiuW');
insert into user (iduser, name, surname, phone, email, password) values (36, 'Edward', 'MacDermott', '284-265-7790', 'emacdermottz@springer.com', 'OJFddTvRTr');
insert into user (iduser, name, surname, phone, email, password) values (37, 'Vera', 'Dinjes', '489-372-1085', 'vdinjes10@admin.ch', 'Vq624THN1');
insert into user (iduser, name, surname, phone, email, password) values (38, 'Aurore', 'Fogden', '925-680-2111', 'afogden11@1688.com', 'sM6nwb');
insert into user (iduser, name, surname, phone, email, password) values (39, 'Perry', 'Paunsford', '842-833-3151', 'ppaunsford12@pen.io', 'oXAAuMUFxL');
insert into user (iduser, name, surname, phone, email, password) values (40, 'Tiphanie', 'Stronough', '863-614-1806', 'tstronough13@comcast.net', '5atDvZxWv');
insert into user (iduser, name, surname, phone, email, password) values (41, 'Odelle', 'Brandrick', '222-131-0434', 'obrandrick14@qq.com', '9CUUrIhfkE');
insert into user (iduser, name, surname, phone, email, password) values (42, 'Charlotte', 'Petyankin', '613-477-9382', 'cpetyankin15@ed.gov', 'tQsshhMCEUIg');
insert into user (iduser, name, surname, phone, email, password) values (43, 'Hamil', 'Buddington', '682-476-7269', 'hbuddington16@cloudflare.com', 'dlB0R2V5b');
insert into user (iduser, name, surname, phone, email, password) values (44, 'Saundra', 'Moulden', '658-314-0888', 'smoulden17@stumbleupon.com', 'PIrwdNji');
insert into user (iduser, name, surname, phone, email, password) values (45, 'Sansone', 'Kernoghan', '215-410-3123', 'skernoghan18@xinhuanet.com', 'AnYIeru');
insert into user (iduser, name, surname, phone, email, password) values (46, 'Leia', 'Shakespear', '917-675-7004', 'lshakespear19@va.gov', 'BhcI27qT');
insert into user (iduser, name, surname, phone, email, password) values (47, 'Ag', 'Casbourne', '493-861-0042', 'acasbourne1a@multiply.com', 'muQTO9VpwFX');
insert into user (iduser, name, surname, phone, email, password) values (48, 'Alva', 'McTurlough', '814-527-1567', 'amcturlough1b@ycombinator.com', 'ImGuRjVOvRv6');
insert into user (iduser, name, surname, phone, email, password) values (49, 'Randal', 'Jovic', '363-147-0214', 'rjovic1c@ucoz.com', 'DJkcBFFBmi');
insert into user (iduser, name, surname, phone, email, password) values (50, 'Nola', 'Lenahan', '770-485-9185', 'nlenahan1d@reddit.com', '32u47HN');
insert into user (iduser, name, surname, phone, email, password) values (51, 'Lucian', 'Coonihan', '484-749-1821', 'lcoonihan1e@google.com.br', 'iXYqOcAUlD2');
insert into user (iduser, name, surname, phone, email, password) values (52, 'Lyndell', 'Bartolomeotti', '252-654-7672', 'lbartolomeotti1f@csmonitor.com', '37rCwUsDrg3');
insert into user (iduser, name, surname, phone, email, password) values (53, 'Christoper', 'Bompass', '359-294-0267', 'cbompass1g@feedburner.com', 'CBIX0B');
insert into user (iduser, name, surname, phone, email, password) values (54, 'Chevalier', 'Budnk', '978-709-6263', 'cbudnk1h@discuz.net', 'bqpnbT');
insert into user (iduser, name, surname, phone, email, password) values (55, 'Anna', 'Longbothom', '790-964-4235', 'alongbothom1i@wp.com', 'X9zY7ucfOXK5');
insert into user (iduser, name, surname, phone, email, password) values (56, 'Hortensia', 'Cardinal', '202-188-5602', 'hcardinal1j@illinois.edu', 'NbTECs7e0');
insert into user (iduser, name, surname, phone, email, password) values (57, 'Sherye', 'Galley', '219-951-2137', 'sgalley1k@tmall.com', '1Q2q8yi');
insert into user (iduser, name, surname, phone, email, password) values (58, 'Harman', 'Fiddymont', '772-937-2519', 'hfiddymont1l@columbia.edu', 'lGMuu4jheqj');
insert into user (iduser, name, surname, phone, email, password) values (59, 'Josepha', 'Baniard', '787-185-6679', 'jbaniard1m@facebook.com', 'LQMtVfGnOE');
insert into user (iduser, name, surname, phone, email, password) values (60, 'Glenn', 'Tracy', '906-722-6634', 'gtracy1n@360.cn', 'xYNzIF4h7Ij');
insert into user (iduser, name, surname, phone, email, password) values (61, 'Kerri', 'McAlroy', '962-731-4686', 'kmcalroy1o@booking.com', 'LJjslLhg3Oy');
insert into user (iduser, name, surname, phone, email, password) values (62, 'Chloris', 'Piser', '401-199-0645', 'cpiser1p@google.com.br', 'JJfFns85CGBq');
insert into user (iduser, name, surname, phone, email, password) values (63, 'Chaddy', 'Sidebotton', '350-718-7928', 'csidebotton1q@rediff.com', 'yCh9Ui');
insert into user (iduser, name, surname, phone, email, password) values (64, 'Aubine', 'Urwen', '139-877-5373', 'aurwen1r@cam.ac.uk', 'uhnw6hO2QGE');
insert into user (iduser, name, surname, phone, email, password) values (65, 'Karolina', 'Lindell', '227-239-4576', 'klindell1s@goodreads.com', '4Qq2DN1Ml');
insert into user (iduser, name, surname, phone, email, password) values (66, 'Theressa', 'Renzo', '182-772-6652', 'trenzo1t@yellowbook.com', 'CLPFJSvn2');
insert into user (iduser, name, surname, phone, email, password) values (67, 'Stephanus', 'Skains', '756-317-1158', 'sskains1u@vinaora.com', 'JnLkRBb3G');
insert into user (iduser, name, surname, phone, email, password) values (68, 'Lizette', 'Alenichev', '628-464-9992', 'lalenichev1v@ask.com', 's0Y2p5');
insert into user (iduser, name, surname, phone, email, password) values (69, 'Edith', 'Stoak', '957-723-0995', 'estoak1w@weather.com', 'yTRdBKL');
insert into user (iduser, name, surname, phone, email, password) values (70, 'Cindee', 'Bevans', '684-576-5444', 'cbevans1x@opensource.org', 'os3iSoO6v');
insert into user (iduser, name, surname, phone, email, password) values (71, 'Sofia', 'Hullett', '524-647-0758', 'shullett1y@a8.net', '3WMWP4jOr');
insert into user (iduser, name, surname, phone, email, password) values (72, 'Nonna', 'McKern', '746-607-0970', 'nmckern1z@mayoclinic.com', 'MmMjEKZ');
insert into user (iduser, name, surname, phone, email, password) values (73, 'Tyler', 'Giraudeau', '413-722-9526', 'tgiraudeau20@xinhuanet.com', 'EkXAgij');
insert into user (iduser, name, surname, phone, email, password) values (74, 'Karen', 'Caffin', '771-652-1951', 'kcaffin21@furl.net', 'AXzkykTK5');
insert into user (iduser, name, surname, phone, email, password) values (75, 'Ricard', 'Yeo', '402-726-2671', 'ryeo22@comsenz.com', '5jSZpbDhiyQ');
insert into user (iduser, name, surname, phone, email, password) values (76, 'Dexter', 'McGettrick', '763-249-4985', 'dmcgettrick23@narod.ru', 'IIkSrNezhFX');
insert into user (iduser, name, surname, phone, email, password) values (77, 'Rees', 'Hearle', '915-964-9358', 'rhearle24@1und1.de', 'Y7b37SSr1i3q');
insert into user (iduser, name, surname, phone, email, password) values (78, 'Solomon', 'Glanville', '968-799-0748', 'sglanville25@uol.com.br', 'pCgixn5uXe');
insert into user (iduser, name, surname, phone, email, password) values (79, 'Chevalier', 'Tomaino', '145-723-8347', 'ctomaino26@webeden.co.uk', '9Z0Oce8oK7Uz');
insert into user (iduser, name, surname, phone, email, password) values (80, 'Shanna', 'Bouzan', '914-208-8471', 'sbouzan27@google.com.au', 'iT6qBG87M');
insert into user (iduser, name, surname, phone, email, password) values (81, 'Latia', 'Figiovanni', '188-204-0172', 'lfigiovanni28@booking.com', 'ujIYRWwMdgP');
insert into user (iduser, name, surname, phone, email, password) values (82, 'Tab', 'Hedley', '394-701-5996', 'thedley29@hatena.ne.jp', 'bxCwoyE1j');
insert into user (iduser, name, surname, phone, email, password) values (83, 'Thorndike', 'MacLese', '158-492-0721', 'tmaclese2a@posterous.com', 'd50Zpa3');
insert into user (iduser, name, surname, phone, email, password) values (84, 'Scarlett', 'Tyzack', '759-711-0418', 'styzack2b@engadget.com', '7xSoI2hMZm');
insert into user (iduser, name, surname, phone, email, password) values (85, 'Arden', 'Hayer', '612-653-0162', 'ahayer2c@archive.org', 'TgUPEU');
insert into user (iduser, name, surname, phone, email, password) values (86, 'Gertrudis', 'Jelley', '733-335-7877', 'gjelley2d@live.com', 'E5KA41pZ');
insert into user (iduser, name, surname, phone, email, password) values (87, 'Bentley', 'Scotchmer', '760-389-9644', 'bscotchmer2e@google.it', 'OJGBFkdY');
insert into user (iduser, name, surname, phone, email, password) values (88, 'Rik', 'Oliphant', '686-261-6348', 'roliphant2f@csmonitor.com', 'fBup3w4n9P');
insert into user (iduser, name, surname, phone, email, password) values (89, 'Tremain', 'Walklott', '289-923-3152', 'twalklott2g@imdb.com', '1pQn8YQ');
insert into user (iduser, name, surname, phone, email, password) values (90, 'Terrell', 'Dawber', '202-832-2890', 'tdawber2h@indiatimes.com', '28Cyf2o');
insert into user (iduser, name, surname, phone, email, password) values (91, 'Nicoline', 'Heugel', '740-601-6171', 'nheugel2i@mapy.cz', 'LZXCt68a');
insert into user (iduser, name, surname, phone, email, password) values (92, 'Launce', 'Maven', '852-687-5104', 'lmaven2j@wordpress.com', 'CCHAm5z1zw');
insert into user (iduser, name, surname, phone, email, password) values (93, 'Ewart', 'Malins', '316-761-0138', 'emalins2k@berkeley.edu', 'mkMoMO33oel');
insert into user (iduser, name, surname, phone, email, password) values (94, 'Elsie', 'Shilvock', '877-966-4720', 'eshilvock2l@state.tx.us', 'j9G0PtO8si');
insert into user (iduser, name, surname, phone, email, password) values (95, 'Evie', 'Gaine', '930-104-4473', 'egaine2m@huffingtonpost.com', 'W0HeGgiBRsk');
insert into user (iduser, name, surname, phone, email, password) values (96, 'Briano', 'Corter', '993-119-8171', 'bcorter2n@intel.com', 'ePHh0iN1');
insert into user (iduser, name, surname, phone, email, password) values (97, 'Carroll', 'Westwick', '233-583-3666', 'cwestwick2o@moonfruit.com', 'LZFoMZKa');
insert into user (iduser, name, surname, phone, email, password) values (98, 'Beverlee', 'Crump', '717-184-2701', 'bcrump2p@ow.ly', 'mdNCvCRWosuU');
insert into user (iduser, name, surname, phone, email, password) values (99, 'Catlee', 'Eichmann', '750-656-2702', 'ceichmann2q@dot.gov', 'g6bgA0CqA');
insert into user (iduser, name, surname, phone, email, password) values (100, 'Zacharie', 'Chalke', '360-174-4143', 'zchalke2r@dion.ne.jp', 'htZMkwc');
insert into user (iduser, name, surname, phone, email, password) values (101, 'Leonid', 'Winfrey', '857-643-7610', 'lwinfrey2s@utexas.edu', '9i2kzKf9u');
insert into user (iduser, name, surname, phone, email, password) values (102, 'Arthur', 'Antham', '114-773-7337', 'aantham2t@tinyurl.com', 'Qz2chqC');
insert into user (iduser, name, surname, phone, email, password) values (103, 'Jeri', 'Marchington', '778-961-4685', 'jmarchington2u@adobe.com', 'W35xIMoZthyo');
insert into user (iduser, name, surname, phone, email, password) values (104, 'Hadley', 'Veldens', '288-769-2406', 'hveldens2v@yolasite.com', 'c7vf5y6tigXg');
insert into user (iduser, name, surname, phone, email, password) values (105, 'Shantee', 'Cauley', '980-654-7772', 'scauley2w@lulu.com', 'mUdJEQs8WRb9');
insert into user (iduser, name, surname, phone, email, password) values (106, 'Melany', 'Innott', '514-775-7377', 'minnott2x@plala.or.jp', 'NV7ctiVy8');
insert into user (iduser, name, surname, phone, email, password) values (107, 'Bobbie', 'Beecker', '688-703-9343', 'bbeecker2y@quantcast.com', 'nfzhNfo');
insert into user (iduser, name, surname, phone, email, password) values (108, 'Cristabel', 'Grady', '233-325-0834', 'cgrady2z@usnews.com', '25yt6xD');
insert into user (iduser, name, surname, phone, email, password) values (109, 'Goran', 'Mattiessen', '641-321-4904', 'gmattiessen30@issuu.com', 'cxaa9I1JXZW');
insert into user (iduser, name, surname, phone, email, password) values (110, 'Culver', 'Lambert-Ciorwyn', '228-941-3649', 'clambertciorwyn31@goodreads.com', 'PDkzZt7pv');
insert into user (iduser, name, surname, phone, email, password) values (111, 'Doreen', 'Minnis', '882-541-2180', 'dminnis32@google.cn', 'fcl0uqlzY5YM');
insert into user (iduser, name, surname, phone, email, password) values (112, 'Corrianne', 'Daniells', '604-261-5461', 'cdaniells33@whitehouse.gov', 'tRxZBdUK');
insert into user (iduser, name, surname, phone, email, password) values (113, 'Rani', 'Gandley', '782-728-3428', 'rgandley34@sciencedirect.com', 'TrqX86TUkSUL');
insert into user (iduser, name, surname, phone, email, password) values (114, 'Bartholemy', 'Hemshall', '764-371-9457', 'bhemshall35@mac.com', 'dJo6q28HtZ');
insert into user (iduser, name, surname, phone, email, password) values (115, 'Natalee', 'Baird', '862-707-9661', 'nbaird36@amazon.co.jp', 'aqSu8b');
insert into user (iduser, name, surname, phone, email, password) values (116, 'Daffi', 'Izon', '223-167-6394', 'dizon37@123-reg.co.uk', 'cgYq1dT');
insert into user (iduser, name, surname, phone, email, password) values (117, 'Ardyth', 'Gillions', '205-929-6017', 'agillions38@xrea.com', 'UP231Ujn');
insert into user (iduser, name, surname, phone, email, password) values (118, 'Gertrudis', 'Haffner', '339-166-1458', 'ghaffner39@goodreads.com', 'nyWYRGzSf');
insert into user (iduser, name, surname, phone, email, password) values (119, 'Lotti', 'McDavid', '160-926-1197', 'lmcdavid3a@is.gd', 'UOxFogWl8');
insert into user (iduser, name, surname, phone, email, password) values (120, 'Elias', 'Szymanowski', '137-703-7989', 'eszymanowski3b@seesaa.net', '7mL1sLDp');
insert into user (iduser, name, surname, phone, email, password) values (121, 'Andria', 'Swede', '145-291-9165', 'aswede3c@archive.org', 'pc0GXj1');
insert into user (iduser, name, surname, phone, email, password) values (122, 'Glenda', 'Prine', '360-820-0024', 'gprine3d@prweb.com', 'YPANR5OXLWL9');
insert into user (iduser, name, surname, phone, email, password) values (123, 'Hermon', 'Iacovone', '810-398-1275', 'hiacovone3e@netscape.com', 'Y7JYQm7X');
insert into user (iduser, name, surname, phone, email, password) values (124, 'Melisandra', 'Roughan', '234-785-5598', 'mroughan3f@cafepress.com', 'jI8wNR');
insert into user (iduser, name, surname, phone, email, password) values (125, 'Brodie', 'Calfe', '358-540-6060', 'bcalfe3g@redcross.org', 'TGiKFvvX3');
insert into user (iduser, name, surname, phone, email, password) values (126, 'Donavon', 'Stellino', '144-678-9790', 'dstellino3h@fema.gov', 'aFGDhi1xr4D');
insert into user (iduser, name, surname, phone, email, password) values (127, 'Annabelle', 'Meatcher', '897-635-9927', 'ameatcher3i@sourceforge.net', 'h4zBsR');
insert into user (iduser, name, surname, phone, email, password) values (128, 'Lillian', 'Godrich', '492-355-1191', 'lgodrich3j@umich.edu', 'OvUe2Ue8NXNR');
insert into user (iduser, name, surname, phone, email, password) values (129, 'Cicely', 'Ventom', '945-973-3991', 'cventom3k@cbslocal.com', 'KmJkcBZj');
insert into user (iduser, name, surname, phone, email, password) values (130, 'Arlie', 'Jamme', '566-423-6823', 'ajamme3l@printfriendly.com', 'BJLZjpCLdMmL');
insert into user (iduser, name, surname, phone, email, password) values (131, 'Jerrilee', 'Wray', '977-261-9300', 'jwray3m@earthlink.net', '7xnFIz');
insert into user (iduser, name, surname, phone, email, password) values (132, 'Gwendolin', 'Oven', '241-164-7330', 'goven3n@elegantthemes.com', 'JMbS9zMj');
insert into user (iduser, name, surname, phone, email, password) values (133, 'Eduino', 'Thome', '462-709-3917', 'ethome3o@archive.org', 'WsAuo3g');
insert into user (iduser, name, surname, phone, email, password) values (134, 'Sybil', 'Roantree', '855-562-9161', 'sroantree3p@ucla.edu', 'IE9ymw1fG');
insert into user (iduser, name, surname, phone, email, password) values (135, 'Filide', 'Lissenden', '723-649-6284', 'flissenden3q@1688.com', 'O1TyFvTrk8de');
insert into user (iduser, name, surname, phone, email, password) values (136, 'Mirella', 'Zeale', '610-680-2863', 'mzeale3r@altervista.org', 'XO1rOn1');
insert into user (iduser, name, surname, phone, email, password) values (137, 'Noby', 'Bungey', '158-655-5633', 'nbungey3s@nydailynews.com', 'EcVMciIHKeB');
insert into user (iduser, name, surname, phone, email, password) values (138, 'Raoul', 'oldey', '920-587-2412', 'roldey3t@ocn.ne.jp', 'BF9tHc1u');
insert into user (iduser, name, surname, phone, email, password) values (139, 'Enos', 'Bruggeman', '422-681-6589', 'ebruggeman3u@google.pl', 'RRA9bzbHgi0E');
insert into user (iduser, name, surname, phone, email, password) values (140, 'Mead', 'Dulanty', '264-937-5286', 'mdulanty3v@boston.com', 'c4QZCoVV6WBS');
insert into user (iduser, name, surname, phone, email, password) values (141, 'Skip', 'Minty', '743-736-9824', 'sminty3w@friendfeed.com', 'TCe7owgNz6yV');
insert into user (iduser, name, surname, phone, email, password) values (142, 'Arie', 'Baillie', '832-835-3463', 'abaillie3x@jigsy.com', 'EW9euQG');
insert into user (iduser, name, surname, phone, email, password) values (143, 'Avivah', 'Farny', '683-892-5531', 'afarny3y@smh.com.au', 'gMxtxRokOwB');
insert into user (iduser, name, surname, phone, email, password) values (144, 'Michel', 'Trinder', '893-879-6822', 'mtrinder3z@plala.or.jp', 'GoAG9o2Mk4M');
insert into user (iduser, name, surname, phone, email, password) values (145, 'Dyna', 'Kemmis', '169-691-9264', 'dkemmis40@ucoz.com', '3TyDmF');
insert into user (iduser, name, surname, phone, email, password) values (146, 'Dulcine', 'Willoughley', '537-322-7917', 'dwilloughley41@psu.edu', 'GtFDnzkj6C');
insert into user (iduser, name, surname, phone, email, password) values (147, 'Debora', 'Currum', '838-779-4709', 'dcurrum42@qq.com', 'tiMOjLSWr');
insert into user (iduser, name, surname, phone, email, password) values (148, 'Cecile', 'Jizhaki', '293-664-9125', 'cjizhaki43@storify.com', 'ZSdQdDMoJV');
insert into user (iduser, name, surname, phone, email, password) values (149, 'Filippo', 'Farington', '580-468-0664', 'ffarington44@nbcnews.com', 'RzXAQt7aq3s');
insert into user (iduser, name, surname, phone, email, password) values (150, 'Tiphany', 'Teck', '314-801-0287', 'tteck45@cnbc.com', 'XQLvKU71');
insert into user (iduser, name, surname, phone, email, password) values (151, 'Misty', 'Blezard', '710-863-5192', 'mblezard46@people.com.cn', 'Y6LWlS45C4Av');
insert into user (iduser, name, surname, phone, email, password) values (152, 'Myriam', 'Catchpole', '568-501-9824', 'mcatchpole47@symantec.com', 'QPnlLR');
insert into user (iduser, name, surname, phone, email, password) values (153, 'Emmalynne', 'Riccione', '226-965-9135', 'ericcione48@delicious.com', '71xgnu');
insert into user (iduser, name, surname, phone, email, password) values (154, 'Ansel', 'Tonsley', '378-874-1135', 'atonsley49@ucoz.com', 'kFsz8S6O9');
insert into user (iduser, name, surname, phone, email, password) values (155, 'Arlina', 'Kiehnlt', '403-451-2516', 'akiehnlt4a@wufoo.com', 'osPcXp');
insert into user (iduser, name, surname, phone, email, password) values (156, 'Adolf', 'Stubbert', '618-203-3099', 'astubbert4b@cisco.com', 'ZBHV6F');
insert into user (iduser, name, surname, phone, email, password) values (157, 'Truman', 'Attrie', '834-528-0102', 'tattrie4c@earthlink.net', 'Rjdny5HCx71');
insert into user (iduser, name, surname, phone, email, password) values (158, 'Amara', 'Reinert', '816-528-4228', 'areinert4d@163.com', 'N93zXveEWT');
insert into user (iduser, name, surname, phone, email, password) values (159, 'Darya', 'Benoey', '386-702-8460', 'dbenoey4e@free.fr', 'rNKB17Mg09H');
insert into user (iduser, name, surname, phone, email, password) values (160, 'Vitia', 'Hallen', '801-303-4262', 'vhallen4f@woothemes.com', 'sTB4GNgvY');
insert into user (iduser, name, surname, phone, email, password) values (161, 'Joye', 'Burbidge', '892-354-8723', 'jburbidge4g@de.vu', 'uPsSSX849PwV');
insert into user (iduser, name, surname, phone, email, password) values (162, 'Essy', 'Soeiro', '432-229-6998', 'esoeiro4h@tiny.cc', 'IRjArbuDz');
insert into user (iduser, name, surname, phone, email, password) values (163, 'Abbe', 'Marconi', '888-381-5999', 'amarconi4i@joomla.org', 'uJRNRjaedPay');
insert into user (iduser, name, surname, phone, email, password) values (164, 'Johnathon', 'Dumbarton', '513-431-7585', 'jdumbarton4j@pinterest.com', 'mad7irHZ');
insert into user (iduser, name, surname, phone, email, password) values (165, 'Ronni', 'Duding', '234-405-1404', 'rduding4k@tuttocitta.it', 'x6n6MJrX');
insert into user (iduser, name, surname, phone, email, password) values (166, 'Cazzie', 'O''Docherty', '417-514-1570', 'codocherty4l@blogtalkradio.com', '71EGx5dGvEqA');
insert into user (iduser, name, surname, phone, email, password) values (167, 'Gabriell', 'Doniso', '794-536-0396', 'gdoniso4m@4shared.com', '0ZK4eut');
insert into user (iduser, name, surname, phone, email, password) values (168, 'Meg', 'L''Hommee', '983-788-2951', 'mlhommee4n@unesco.org', 'jK3dvAYvvp');
insert into user (iduser, name, surname, phone, email, password) values (169, 'Alyss', 'Kermode', '144-936-9087', 'akermode4o@columbia.edu', 'KkTlcZRV');
insert into user (iduser, name, surname, phone, email, password) values (170, 'Kellen', 'Pomphrett', '373-949-3922', 'kpomphrett4p@sbwire.com', 'HCcz8rjAP1o');
insert into user (iduser, name, surname, phone, email, password) values (171, 'Teriann', 'Pembridge', '473-530-9134', 'tpembridge4q@360.cn', 'tDzFJUCqq');
insert into user (iduser, name, surname, phone, email, password) values (172, 'Kelvin', 'Palmar', '563-170-3354', 'kpalmar4r@booking.com', 'Rc0j88GtxBn');
insert into user (iduser, name, surname, phone, email, password) values (173, 'Nealon', 'Balbeck', '136-984-7204', 'nbalbeck4s@mapquest.com', 's6cvGP');
insert into user (iduser, name, surname, phone, email, password) values (174, 'Dal', 'Bedboro', '143-283-4190', 'dbedboro4t@linkedin.com', '9uHwvE');
insert into user (iduser, name, surname, phone, email, password) values (175, 'Belle', 'Wodeland', '210-192-0313', 'bwodeland4u@adobe.com', 'WBRoUH');
insert into user (iduser, name, surname, phone, email, password) values (176, 'Evan', 'Paulino', '231-470-0552', 'epaulino4v@soup.io', 'OdiES0myn');
insert into user (iduser, name, surname, phone, email, password) values (177, 'Menard', 'Arckoll', '509-750-7392', 'marckoll4w@themeforest.net', 'mbHUoQHZ0nS');
insert into user (iduser, name, surname, phone, email, password) values (178, 'Isa', 'Everwin', '830-985-7290', 'ieverwin4x@ehow.com', '01j5A46GU');
insert into user (iduser, name, surname, phone, email, password) values (179, 'Bordy', 'O''Hartnett', '265-746-0641', 'bohartnett4y@cnn.com', 'vFQh48bce');
insert into user (iduser, name, surname, phone, email, password) values (180, 'Madel', 'Luparti', '995-958-6550', 'mluparti4z@mlb.com', 'dc6dKo');
insert into user (iduser, name, surname, phone, email, password) values (181, 'Elwood', 'Wrightem', '167-352-1254', 'ewrightem50@lycos.com', '0UuGxZ5');
insert into user (iduser, name, surname, phone, email, password) values (182, 'Osbert', 'Winspeare', '336-405-2753', 'owinspeare51@storify.com', 'SRp6J5THML1i');
insert into user (iduser, name, surname, phone, email, password) values (183, 'Dorthy', 'Lux', '179-874-2083', 'dlux52@answers.com', 'OEES8g5LB5');
insert into user (iduser, name, surname, phone, email, password) values (184, 'Josephine', 'Cowton', '716-383-1339', 'jcowton53@ifeng.com', 'otiS2qH');
insert into user (iduser, name, surname, phone, email, password) values (185, 'Anneliese', 'Jervoise', '345-516-2586', 'ajervoise54@devhub.com', 'MlZs6L');
insert into user (iduser, name, surname, phone, email, password) values (186, 'Olenolin', 'Eilhermann', '997-370-7898', 'oeilhermann55@independent.co.uk', 'kB9zrQ1BW7o');
insert into user (iduser, name, surname, phone, email, password) values (187, 'Erroll', 'Sinclair', '430-672-4761', 'esinclair56@example.com', '8hkKAqj');
insert into user (iduser, name, surname, phone, email, password) values (188, 'Leandra', 'McCosker', '810-565-6457', 'lmccosker57@moonfruit.com', 'QtJcJKZjasO');
insert into user (iduser, name, surname, phone, email, password) values (189, 'Inness', 'Partrick', '706-302-4723', 'ipartrick58@geocities.com', 'q4YzEm1');
insert into user (iduser, name, surname, phone, email, password) values (190, 'Remy', 'Pole', '280-130-0994', 'rpole59@google.pl', 'KE5wzd');
insert into user (iduser, name, surname, phone, email, password) values (191, 'Bobine', 'Oldfield-Cherry', '508-249-4615', 'boldfieldcherry5a@boston.com', 'K4tpZCzXcAvg');
insert into user (iduser, name, surname, phone, email, password) values (192, 'Brynne', 'Vernazza', '661-309-2360', 'bvernazza5b@jimdo.com', 'FrV0Un');
insert into user (iduser, name, surname, phone, email, password) values (193, 'Ertha', 'Stairmond', '884-329-0943', 'estairmond5c@themeforest.net', '89FolxkPh');
insert into user (iduser, name, surname, phone, email, password) values (194, 'Gradey', 'Mc Caughan', '775-128-9341', 'gmccaughan5d@nifty.com', 'I0oesTh');
insert into user (iduser, name, surname, phone, email, password) values (195, 'Timofei', 'Brayley', '541-713-6232', 'tbrayley5e@time.com', 'kShhThjy');
insert into user (iduser, name, surname, phone, email, password) values (196, 'Nikolia', 'Barton', '493-165-4665', 'nbarton5f@geocities.com', 'B9mlro9GW');
insert into user (iduser, name, surname, phone, email, password) values (197, 'Fredric', 'Grigoryov', '407-566-2026', 'fgrigoryov5g@sciencedaily.com', 'V97DjDXvrA');
insert into user (iduser, name, surname, phone, email, password) values (198, 'Ana', 'Cockill', '707-696-8736', 'acockill5h@discovery.com', 'FDU9Pa');
insert into user (iduser, name, surname, phone, email, password) values (199, 'Gunar', 'Erwin', '954-650-2097', 'gerwin5i@ca.gov', 'aoB9bAalB');
insert into user (iduser, name, surname, phone, email, password) values (200, 'Ezri', 'Westover', '905-372-3568', 'ewestover5j@hhs.gov', 'ufJT2Ob');
insert into user_producto (iduser_producto, user_iduser, productos_idproductos) values (1, 95, 150);
insert into user_producto (iduser_producto, user_iduser, productos_idproductos) values (2, 177, 72);
insert into user_producto (iduser_producto, user_iduser, productos_idproductos) values (3, 146, 15);
insert into user_producto (iduser_producto, user_iduser, productos_idproductos) values (4, 191, 173);
insert into user_producto (iduser_producto, user_iduser, productos_idproductos) values (5, 138, 126);
insert into user_producto (iduser_producto, user_iduser, productos_idproductos) values (6, 137, 59);
insert into user_producto (iduser_producto, user_iduser, productos_idproductos) values (7, 192, 2);
insert into user_producto (iduser_producto, user_iduser, productos_idproductos) values (8, 125, 70);
insert into user_producto (iduser_producto, user_iduser, productos_idproductos) values (9, 9, 81);
insert into user_producto (iduser_producto, user_iduser, productos_idproductos) values (10, 54, 16);
insert into user_producto (iduser_producto, user_iduser, productos_idproductos) values (11, 74, 198);
insert into user_producto (iduser_producto, user_iduser, productos_idproductos) values (12, 118, 132);
insert into user_producto (iduser_producto, user_iduser, productos_idproductos) values (13, 69, 7);
insert into user_producto (iduser_producto, user_iduser, productos_idproductos) values (14, 83, 38);
insert into user_producto (iduser_producto, user_iduser, productos_idproductos) values (15, 113, 150);
insert into user_producto (iduser_producto, user_iduser, productos_idproductos) values (16, 1, 47);
insert into user_producto (iduser_producto, user_iduser, productos_idproductos) values (17, 71, 52);
insert into user_producto (iduser_producto, user_iduser, productos_idproductos) values (18, 133, 64);
insert into user_producto (iduser_producto, user_iduser, productos_idproductos) values (19, 27, 123);
insert into user_producto (iduser_producto, user_iduser, productos_idproductos) values (20, 115, 146);
insert into user_producto (iduser_producto, user_iduser, productos_idproductos) values (21, 79, 106);
insert into user_producto (iduser_producto, user_iduser, productos_idproductos) values (22, 51, 83);
insert into user_producto (iduser_producto, user_iduser, productos_idproductos) values (23, 179, 89);
insert into user_producto (iduser_producto, user_iduser, productos_idproductos) values (24, 105, 183);
insert into user_producto (iduser_producto, user_iduser, productos_idproductos) values (25, 180, 45);
insert into user_producto (iduser_producto, user_iduser, productos_idproductos) values (26, 56, 113);
insert into user_producto (iduser_producto, user_iduser, productos_idproductos) values (27, 138, 194);
insert into user_producto (iduser_producto, user_iduser, productos_idproductos) values (28, 11, 99);
insert into user_producto (iduser_producto, user_iduser, productos_idproductos) values (29, 167, 73);
insert into user_producto (iduser_producto, user_iduser, productos_idproductos) values (30, 38, 182);
insert into user_producto (iduser_producto, user_iduser, productos_idproductos) values (31, 183, 158);
insert into user_producto (iduser_producto, user_iduser, productos_idproductos) values (32, 24, 101);
insert into user_producto (iduser_producto, user_iduser, productos_idproductos) values (33, 48, 122);
insert into user_producto (iduser_producto, user_iduser, productos_idproductos) values (34, 35, 144);
insert into user_producto (iduser_producto, user_iduser, productos_idproductos) values (35, 114, 154);
insert into user_producto (iduser_producto, user_iduser, productos_idproductos) values (36, 104, 125);
insert into user_producto (iduser_producto, user_iduser, productos_idproductos) values (37, 126, 85);
insert into user_producto (iduser_producto, user_iduser, productos_idproductos) values (38, 60, 199);
insert into user_producto (iduser_producto, user_iduser, productos_idproductos) values (39, 115, 65);
insert into user_producto (iduser_producto, user_iduser, productos_idproductos) values (40, 180, 103);
insert into user_producto (iduser_producto, user_iduser, productos_idproductos) values (41, 30, 94);
insert into user_producto (iduser_producto, user_iduser, productos_idproductos) values (42, 38, 127);
insert into user_producto (iduser_producto, user_iduser, productos_idproductos) values (43, 100, 134);
insert into user_producto (iduser_producto, user_iduser, productos_idproductos) values (44, 71, 133);
insert into user_producto (iduser_producto, user_iduser, productos_idproductos) values (45, 132, 23);
insert into user_producto (iduser_producto, user_iduser, productos_idproductos) values (46, 128, 192);
insert into user_producto (iduser_producto, user_iduser, productos_idproductos) values (47, 35, 105);
insert into user_producto (iduser_producto, user_iduser, productos_idproductos) values (48, 101, 131);
insert into user_producto (iduser_producto, user_iduser, productos_idproductos) values (49, 161, 99);
insert into user_producto (iduser_producto, user_iduser, productos_idproductos) values (50, 39, 40);
insert into user_producto (iduser_producto, user_iduser, productos_idproductos) values (51, 121, 66);
insert into user_producto (iduser_producto, user_iduser, productos_idproductos) values (52, 164, 99);
insert into user_producto (iduser_producto, user_iduser, productos_idproductos) values (53, 66, 102);
insert into user_producto (iduser_producto, user_iduser, productos_idproductos) values (54, 66, 199);
insert into user_producto (iduser_producto, user_iduser, productos_idproductos) values (55, 141, 141);
insert into user_producto (iduser_producto, user_iduser, productos_idproductos) values (56, 16, 4);
insert into user_producto (iduser_producto, user_iduser, productos_idproductos) values (57, 61, 119);
insert into user_producto (iduser_producto, user_iduser, productos_idproductos) values (58, 160, 47);
insert into user_producto (iduser_producto, user_iduser, productos_idproductos) values (59, 180, 13);
insert into user_producto (iduser_producto, user_iduser, productos_idproductos) values (60, 181, 146);
insert into user_producto (iduser_producto, user_iduser, productos_idproductos) values (61, 107, 41);
insert into user_producto (iduser_producto, user_iduser, productos_idproductos) values (62, 33, 74);
insert into user_producto (iduser_producto, user_iduser, productos_idproductos) values (63, 156, 80);
insert into user_producto (iduser_producto, user_iduser, productos_idproductos) values (64, 34, 137);
insert into user_producto (iduser_producto, user_iduser, productos_idproductos) values (65, 23, 87);
insert into user_producto (iduser_producto, user_iduser, productos_idproductos) values (66, 23, 153);
insert into user_producto (iduser_producto, user_iduser, productos_idproductos) values (67, 91, 102);
insert into user_producto (iduser_producto, user_iduser, productos_idproductos) values (68, 64, 83);
insert into user_producto (iduser_producto, user_iduser, productos_idproductos) values (69, 176, 3);
insert into user_producto (iduser_producto, user_iduser, productos_idproductos) values (70, 78, 75);
insert into user_producto (iduser_producto, user_iduser, productos_idproductos) values (71, 162, 186);
insert into user_producto (iduser_producto, user_iduser, productos_idproductos) values (72, 43, 198);
insert into user_producto (iduser_producto, user_iduser, productos_idproductos) values (73, 58, 198);
insert into user_producto (iduser_producto, user_iduser, productos_idproductos) values (74, 86, 90);
insert into user_producto (iduser_producto, user_iduser, productos_idproductos) values (75, 15, 67);
insert into user_producto (iduser_producto, user_iduser, productos_idproductos) values (76, 131, 10);
insert into user_producto (iduser_producto, user_iduser, productos_idproductos) values (77, 159, 131);
insert into user_producto (iduser_producto, user_iduser, productos_idproductos) values (78, 116, 113);
insert into user_producto (iduser_producto, user_iduser, productos_idproductos) values (79, 200, 179);
insert into user_producto (iduser_producto, user_iduser, productos_idproductos) values (80, 4, 95);
insert into user_producto (iduser_producto, user_iduser, productos_idproductos) values (81, 27, 91);
insert into user_producto (iduser_producto, user_iduser, productos_idproductos) values (82, 124, 67);
insert into user_producto (iduser_producto, user_iduser, productos_idproductos) values (83, 125, 104);
insert into user_producto (iduser_producto, user_iduser, productos_idproductos) values (84, 48, 52);
insert into user_producto (iduser_producto, user_iduser, productos_idproductos) values (85, 16, 22);
insert into user_producto (iduser_producto, user_iduser, productos_idproductos) values (86, 156, 84);
insert into user_producto (iduser_producto, user_iduser, productos_idproductos) values (87, 124, 128);
insert into user_producto (iduser_producto, user_iduser, productos_idproductos) values (88, 140, 107);
insert into user_producto (iduser_producto, user_iduser, productos_idproductos) values (89, 19, 2);
insert into user_producto (iduser_producto, user_iduser, productos_idproductos) values (90, 168, 49);
insert into user_producto (iduser_producto, user_iduser, productos_idproductos) values (91, 191, 28);
insert into user_producto (iduser_producto, user_iduser, productos_idproductos) values (92, 45, 115);
insert into user_producto (iduser_producto, user_iduser, productos_idproductos) values (93, 138, 153);
insert into user_producto (iduser_producto, user_iduser, productos_idproductos) values (94, 101, 180);
insert into user_producto (iduser_producto, user_iduser, productos_idproductos) values (95, 57, 139);
insert into user_producto (iduser_producto, user_iduser, productos_idproductos) values (96, 189, 60);
insert into user_producto (iduser_producto, user_iduser, productos_idproductos) values (97, 166, 32);
insert into user_producto (iduser_producto, user_iduser, productos_idproductos) values (98, 165, 137);
insert into user_producto (iduser_producto, user_iduser, productos_idproductos) values (99, 186, 88);
insert into user_producto (iduser_producto, user_iduser, productos_idproductos) values (100, 105, 176);
insert into user_producto (iduser_producto, user_iduser, productos_idproductos) values (101, 130, 71);
insert into user_producto (iduser_producto, user_iduser, productos_idproductos) values (102, 179, 170);
insert into user_producto (iduser_producto, user_iduser, productos_idproductos) values (103, 150, 120);
insert into user_producto (iduser_producto, user_iduser, productos_idproductos) values (104, 146, 12);
insert into user_producto (iduser_producto, user_iduser, productos_idproductos) values (105, 131, 125);
insert into user_producto (iduser_producto, user_iduser, productos_idproductos) values (106, 118, 145);
insert into user_producto (iduser_producto, user_iduser, productos_idproductos) values (107, 42, 97);
insert into user_producto (iduser_producto, user_iduser, productos_idproductos) values (108, 46, 82);
insert into user_producto (iduser_producto, user_iduser, productos_idproductos) values (109, 163, 95);
insert into user_producto (iduser_producto, user_iduser, productos_idproductos) values (110, 194, 150);
insert into user_producto (iduser_producto, user_iduser, productos_idproductos) values (111, 129, 120);
insert into user_producto (iduser_producto, user_iduser, productos_idproductos) values (112, 161, 135);
insert into user_producto (iduser_producto, user_iduser, productos_idproductos) values (113, 138, 163);
insert into user_producto (iduser_producto, user_iduser, productos_idproductos) values (114, 69, 195);
insert into user_producto (iduser_producto, user_iduser, productos_idproductos) values (115, 25, 20);
insert into user_producto (iduser_producto, user_iduser, productos_idproductos) values (116, 199, 30);
insert into user_producto (iduser_producto, user_iduser, productos_idproductos) values (117, 74, 31);
insert into user_producto (iduser_producto, user_iduser, productos_idproductos) values (118, 138, 199);
insert into user_producto (iduser_producto, user_iduser, productos_idproductos) values (119, 9, 103);
insert into user_producto (iduser_producto, user_iduser, productos_idproductos) values (120, 159, 76);
insert into user_producto (iduser_producto, user_iduser, productos_idproductos) values (121, 11, 98);
insert into user_producto (iduser_producto, user_iduser, productos_idproductos) values (122, 86, 14);
insert into user_producto (iduser_producto, user_iduser, productos_idproductos) values (123, 169, 16);
insert into user_producto (iduser_producto, user_iduser, productos_idproductos) values (124, 160, 84);
insert into user_producto (iduser_producto, user_iduser, productos_idproductos) values (125, 154, 92);
insert into user_producto (iduser_producto, user_iduser, productos_idproductos) values (126, 197, 56);
insert into user_producto (iduser_producto, user_iduser, productos_idproductos) values (127, 134, 49);
insert into user_producto (iduser_producto, user_iduser, productos_idproductos) values (128, 189, 91);
insert into user_producto (iduser_producto, user_iduser, productos_idproductos) values (129, 106, 69);
insert into user_producto (iduser_producto, user_iduser, productos_idproductos) values (130, 151, 180);
insert into user_producto (iduser_producto, user_iduser, productos_idproductos) values (131, 178, 107);
insert into user_producto (iduser_producto, user_iduser, productos_idproductos) values (132, 181, 106);
insert into user_producto (iduser_producto, user_iduser, productos_idproductos) values (133, 37, 122);
insert into user_producto (iduser_producto, user_iduser, productos_idproductos) values (134, 183, 9);
insert into user_producto (iduser_producto, user_iduser, productos_idproductos) values (135, 196, 165);
insert into user_producto (iduser_producto, user_iduser, productos_idproductos) values (136, 1, 82);
insert into user_producto (iduser_producto, user_iduser, productos_idproductos) values (137, 113, 118);
insert into user_producto (iduser_producto, user_iduser, productos_idproductos) values (138, 186, 90);
insert into user_producto (iduser_producto, user_iduser, productos_idproductos) values (139, 99, 128);
insert into user_producto (iduser_producto, user_iduser, productos_idproductos) values (140, 100, 6);
insert into user_producto (iduser_producto, user_iduser, productos_idproductos) values (141, 142, 196);
insert into user_producto (iduser_producto, user_iduser, productos_idproductos) values (142, 3, 159);
insert into user_producto (iduser_producto, user_iduser, productos_idproductos) values (143, 188, 190);
insert into user_producto (iduser_producto, user_iduser, productos_idproductos) values (144, 63, 108);
insert into user_producto (iduser_producto, user_iduser, productos_idproductos) values (145, 123, 119);
insert into user_producto (iduser_producto, user_iduser, productos_idproductos) values (146, 20, 43);
insert into user_producto (iduser_producto, user_iduser, productos_idproductos) values (147, 34, 96);
insert into user_producto (iduser_producto, user_iduser, productos_idproductos) values (148, 185, 149);
insert into user_producto (iduser_producto, user_iduser, productos_idproductos) values (149, 87, 192);
insert into user_producto (iduser_producto, user_iduser, productos_idproductos) values (150, 17, 143);
insert into user_producto (iduser_producto, user_iduser, productos_idproductos) values (151, 86, 69);
insert into user_producto (iduser_producto, user_iduser, productos_idproductos) values (152, 66, 196);
insert into user_producto (iduser_producto, user_iduser, productos_idproductos) values (153, 189, 6);
insert into user_producto (iduser_producto, user_iduser, productos_idproductos) values (154, 94, 86);
insert into user_producto (iduser_producto, user_iduser, productos_idproductos) values (155, 95, 13);
insert into user_producto (iduser_producto, user_iduser, productos_idproductos) values (156, 41, 196);
insert into user_producto (iduser_producto, user_iduser, productos_idproductos) values (157, 128, 141);
insert into user_producto (iduser_producto, user_iduser, productos_idproductos) values (158, 144, 158);
insert into user_producto (iduser_producto, user_iduser, productos_idproductos) values (159, 82, 24);
insert into user_producto (iduser_producto, user_iduser, productos_idproductos) values (160, 13, 135);
insert into user_producto (iduser_producto, user_iduser, productos_idproductos) values (161, 14, 175);
insert into user_producto (iduser_producto, user_iduser, productos_idproductos) values (162, 184, 58);
insert into user_producto (iduser_producto, user_iduser, productos_idproductos) values (163, 57, 81);
insert into user_producto (iduser_producto, user_iduser, productos_idproductos) values (164, 37, 118);
insert into user_producto (iduser_producto, user_iduser, productos_idproductos) values (165, 76, 79);
insert into user_producto (iduser_producto, user_iduser, productos_idproductos) values (166, 33, 6);
insert into user_producto (iduser_producto, user_iduser, productos_idproductos) values (167, 143, 25);
insert into user_producto (iduser_producto, user_iduser, productos_idproductos) values (168, 139, 77);
insert into user_producto (iduser_producto, user_iduser, productos_idproductos) values (169, 41, 155);
insert into user_producto (iduser_producto, user_iduser, productos_idproductos) values (170, 116, 14);
insert into user_producto (iduser_producto, user_iduser, productos_idproductos) values (171, 193, 92);
insert into user_producto (iduser_producto, user_iduser, productos_idproductos) values (172, 71, 43);
insert into user_producto (iduser_producto, user_iduser, productos_idproductos) values (173, 81, 60);
insert into user_producto (iduser_producto, user_iduser, productos_idproductos) values (174, 49, 86);
insert into user_producto (iduser_producto, user_iduser, productos_idproductos) values (175, 156, 44);
insert into user_producto (iduser_producto, user_iduser, productos_idproductos) values (176, 138, 159);
insert into user_producto (iduser_producto, user_iduser, productos_idproductos) values (177, 183, 86);
insert into user_producto (iduser_producto, user_iduser, productos_idproductos) values (178, 135, 145);
insert into user_producto (iduser_producto, user_iduser, productos_idproductos) values (179, 116, 37);
insert into user_producto (iduser_producto, user_iduser, productos_idproductos) values (180, 77, 187);
insert into user_producto (iduser_producto, user_iduser, productos_idproductos) values (181, 78, 49);
insert into user_producto (iduser_producto, user_iduser, productos_idproductos) values (182, 82, 167);
insert into user_producto (iduser_producto, user_iduser, productos_idproductos) values (183, 23, 51);
insert into user_producto (iduser_producto, user_iduser, productos_idproductos) values (184, 125, 145);
insert into user_producto (iduser_producto, user_iduser, productos_idproductos) values (185, 189, 116);
insert into user_producto (iduser_producto, user_iduser, productos_idproductos) values (186, 13, 13);
insert into user_producto (iduser_producto, user_iduser, productos_idproductos) values (187, 93, 164);
insert into user_producto (iduser_producto, user_iduser, productos_idproductos) values (188, 92, 196);
insert into user_producto (iduser_producto, user_iduser, productos_idproductos) values (189, 36, 152);
insert into user_producto (iduser_producto, user_iduser, productos_idproductos) values (190, 160, 131);
insert into user_producto (iduser_producto, user_iduser, productos_idproductos) values (191, 125, 175);
insert into user_producto (iduser_producto, user_iduser, productos_idproductos) values (192, 127, 85);
insert into user_producto (iduser_producto, user_iduser, productos_idproductos) values (193, 51, 84);
insert into user_producto (iduser_producto, user_iduser, productos_idproductos) values (194, 133, 33);
insert into user_producto (iduser_producto, user_iduser, productos_idproductos) values (195, 158, 152);
insert into user_producto (iduser_producto, user_iduser, productos_idproductos) values (196, 56, 112);
insert into user_producto (iduser_producto, user_iduser, productos_idproductos) values (197, 181, 77);
insert into user_producto (iduser_producto, user_iduser, productos_idproductos) values (198, 192, 80);
insert into user_producto (iduser_producto, user_iduser, productos_idproductos) values (199, 190, 92);
insert into user_producto (iduser_producto, user_iduser, productos_idproductos) values (200, 185, 168);
insert into productos (idproductos, img, price, brand, title, discount, description) values (1, 'http://dummyimage.com/158x115.png/ff4444/ffffff', 364, 'Synovus Financial Corp.', 'Bok Choy - Baby', 23, 'Proin leo odio, porttitor id, consequat in, consequat ut, nulla. Sed accumsan felis. Ut at dolor quis odio consequat varius.');
insert into productos (idproductos, img, price, brand, title, discount, description) values (2, 'http://dummyimage.com/151x196.png/5fa2dd/ffffff', 845, 'KraneShares CSI China Internet ETF', 'Anchovy In Oil', 10, 'Integer ac leo. Pellentesque ultrices mattis odio. Donec vitae nisi.');
insert into productos (idproductos, img, price, brand, title, discount, description) values (3, 'http://dummyimage.com/149x199.png/dddddd/000000', 16, 'Novartis AG', 'Onions Granulated', 6, 'In quis justo. Maecenas rhoncus aliquam lacus. Morbi quis tortor id nulla ultrices aliquet.');
insert into productos (idproductos, img, price, brand, title, discount, description) values (4, 'http://dummyimage.com/220x109.png/dddddd/000000', 825, 'Coach, Inc.', 'Nougat - Paste / Cream', 7, 'Curabitur at ipsum ac tellus semper interdum. Mauris ullamcorper purus sit amet nulla. Quisque arcu libero, rutrum ac, lobortis vel, dapibus at, diam.');
insert into productos (idproductos, img, price, brand, title, discount, description) values (5, 'http://dummyimage.com/159x244.png/dddddd/000000', 398, 'athenahealth, Inc.', 'Honey - Lavender', 18, 'Duis aliquam convallis nunc. Proin at turpis a pede posuere nonummy. Integer non velit.');
insert into productos (idproductos, img, price, brand, title, discount, description) values (6, 'http://dummyimage.com/211x107.png/cc0000/ffffff', 967, 'Putnam Premier Income Trust', 'Soup - Campbells, Classic Chix', 11, 'Sed ante. Vivamus tortor. Duis mattis egestas metus.');
insert into productos (idproductos, img, price, brand, title, discount, description) values (7, 'http://dummyimage.com/164x133.png/cc0000/ffffff', 576, 'Atlantic Alliance Partnership Corp.', 'Godiva White Chocolate', 22, 'Mauris enim leo, rhoncus sed, vestibulum sit amet, cursus id, turpis. Integer aliquet, massa id lobortis convallis, tortor risus dapibus augue, vel accumsan tellus nisi eu orci. Mauris lacinia sapien quis libero.');
insert into productos (idproductos, img, price, brand, title, discount, description) values (8, 'http://dummyimage.com/123x173.png/dddddd/000000', 557, 'Extraction Oil & Gas, Inc.', 'Petit Baguette', 15, 'Curabitur at ipsum ac tellus semper interdum. Mauris ullamcorper purus sit amet nulla. Quisque arcu libero, rutrum ac, lobortis vel, dapibus at, diam.');
insert into productos (idproductos, img, price, brand, title, discount, description) values (9, 'http://dummyimage.com/100x129.png/dddddd/000000', 373, 'Northrim BanCorp Inc', 'Pasta - Rotini, Colour, Dry', 10, 'Maecenas ut massa quis augue luctus tincidunt. Nulla mollis molestie lorem. Quisque ut erat.');
insert into productos (idproductos, img, price, brand, title, discount, description) values (10, 'http://dummyimage.com/113x249.png/dddddd/000000', 275, 'ICICI Bank Limited', 'Bread - Roll, Soft White Round', 16, 'Curabitur at ipsum ac tellus semper interdum. Mauris ullamcorper purus sit amet nulla. Quisque arcu libero, rutrum ac, lobortis vel, dapibus at, diam.');
insert into productos (idproductos, img, price, brand, title, discount, description) values (11, 'http://dummyimage.com/208x213.png/5fa2dd/ffffff', 606, 'WEC Energy Group, Inc.', 'Coffee - Flavoured', 24, 'In congue. Etiam justo. Etiam pretium iaculis justo.');
insert into productos (idproductos, img, price, brand, title, discount, description) values (12, 'http://dummyimage.com/223x204.png/dddddd/000000', 977, 'Community Healthcare Trust Incorporated', 'Contreau', 10, 'Nam ultrices, libero non mattis pulvinar, nulla pede ullamcorper augue, a suscipit nulla elit ac nulla. Sed vel enim sit amet nunc viverra dapibus. Nulla suscipit ligula in lacus.');
insert into productos (idproductos, img, price, brand, title, discount, description) values (13, 'http://dummyimage.com/130x218.png/5fa2dd/ffffff', 798, 'Gol Linhas Aereas Inteligentes S.A.', 'Garlic', 8, 'Quisque id justo sit amet sapien dignissim vestibulum. Vestibulum ante ipsum primis in faucibus orci luctus et ultrices posuere cubilia Curae; Nulla dapibus dolor vel est. Donec odio justo, sollicitudin ut, suscipit a, feugiat et, eros.');
insert into productos (idproductos, img, price, brand, title, discount, description) values (14, 'http://dummyimage.com/208x153.png/dddddd/000000', 473, 'GP Investments Acquisition Corp.', 'Crab - Meat', 23, 'Duis bibendum. Morbi non quam nec dui luctus rutrum. Nulla tellus.');
insert into productos (idproductos, img, price, brand, title, discount, description) values (15, 'http://dummyimage.com/168x104.png/5fa2dd/ffffff', 958, 'Tennessee Valley Authority', 'Pork - Bones', 8, 'Vestibulum ac est lacinia nisi venenatis tristique. Fusce congue, diam id ornare imperdiet, sapien urna pretium nisl, ut volutpat sapien arcu sed augue. Aliquam erat volutpat.');
insert into productos (idproductos, img, price, brand, title, discount, description) values (16, 'http://dummyimage.com/195x249.png/cc0000/ffffff', 465, 'Farmers & Merchants Bancorp, Inc.', 'Wine - Cousino Macul Antiguas', 18, 'Praesent blandit. Nam nulla. Integer pede justo, lacinia eget, tincidunt eget, tempus vel, pede.');
insert into productos (idproductos, img, price, brand, title, discount, description) values (17, 'http://dummyimage.com/134x203.png/5fa2dd/ffffff', 54, 'Eagle Point Credit Company Inc.', 'Coconut - Whole', 5, 'Duis aliquam convallis nunc. Proin at turpis a pede posuere nonummy. Integer non velit.');
insert into productos (idproductos, img, price, brand, title, discount, description) values (18, 'http://dummyimage.com/204x246.png/ff4444/ffffff', 114, 'Saratoga Investment Corp', 'Lettuce - Green Leaf', 25, 'Cras mi pede, malesuada in, imperdiet et, commodo vulputate, justo. In blandit ultrices enim. Lorem ipsum dolor sit amet, consectetuer adipiscing elit.');
insert into productos (idproductos, img, price, brand, title, discount, description) values (19, 'http://dummyimage.com/245x205.png/ff4444/ffffff', 794, 'Shinhan Financial Group Co Ltd', 'Food Colouring - Green', 25, 'Proin leo odio, porttitor id, consequat in, consequat ut, nulla. Sed accumsan felis. Ut at dolor quis odio consequat varius.');
insert into productos (idproductos, img, price, brand, title, discount, description) values (20, 'http://dummyimage.com/193x161.png/5fa2dd/ffffff', 761, 'Inovio Pharmaceuticals, Inc.', 'Mushroom - Crimini', 24, 'Pellentesque at nulla. Suspendisse potenti. Cras in purus eu magna vulputate luctus.');
insert into productos (idproductos, img, price, brand, title, discount, description) values (21, 'http://dummyimage.com/193x160.png/cc0000/ffffff', 401, 'Otonomy, Inc.', 'Skirt - 29 Foot', 15, 'Duis bibendum. Morbi non quam nec dui luctus rutrum. Nulla tellus.');
insert into productos (idproductos, img, price, brand, title, discount, description) values (22, 'http://dummyimage.com/197x151.png/5fa2dd/ffffff', 214, 'Mid-America Apartment Communities, Inc.', 'Cafe Royale', 10, 'Curabitur gravida nisi at nibh. In hac habitasse platea dictumst. Aliquam augue quam, sollicitudin vitae, consectetuer eget, rutrum at, lorem.');
insert into productos (idproductos, img, price, brand, title, discount, description) values (23, 'http://dummyimage.com/228x165.png/ff4444/ffffff', 916, 'Sirius XM Holdings Inc.', 'Pork - Sausage, Medium', 19, 'Morbi non lectus. Aliquam sit amet diam in magna bibendum imperdiet. Nullam orci pede, venenatis non, sodales sed, tincidunt eu, felis.');
insert into productos (idproductos, img, price, brand, title, discount, description) values (24, 'http://dummyimage.com/148x145.png/dddddd/000000', 885, 'Prosperity Bancshares, Inc.', 'Anchovy Paste - 56 G Tube', 6, 'Praesent blandit. Nam nulla. Integer pede justo, lacinia eget, tincidunt eget, tempus vel, pede.');
insert into productos (idproductos, img, price, brand, title, discount, description) values (25, 'http://dummyimage.com/204x236.png/5fa2dd/ffffff', 657, 'Pope Resources', 'Cheese - Shred Cheddar / Mozza', 22, 'Vestibulum quam sapien, varius ut, blandit non, interdum in, ante. Vestibulum ante ipsum primis in faucibus orci luctus et ultrices posuere cubilia Curae; Duis faucibus accumsan odio. Curabitur convallis.');
insert into productos (idproductos, img, price, brand, title, discount, description) values (26, 'http://dummyimage.com/177x231.png/5fa2dd/ffffff', 743, 'iShares MSCI UAE Capped ETF', 'Appetizer - Shrimp Puff', 12, 'Etiam vel augue. Vestibulum rutrum rutrum neque. Aenean auctor gravida sem.');
insert into productos (idproductos, img, price, brand, title, discount, description) values (27, 'http://dummyimage.com/175x167.png/5fa2dd/ffffff', 491, 'CTI BioPharma Corp.', 'Pasta - Fusili Tri - Coloured', 22, 'Proin leo odio, porttitor id, consequat in, consequat ut, nulla. Sed accumsan felis. Ut at dolor quis odio consequat varius.');
insert into productos (idproductos, img, price, brand, title, discount, description) values (28, 'http://dummyimage.com/224x203.png/dddddd/000000', 654, 'Sunstone Hotel Investors, Inc.', 'Cake Circle, Foil, Scallop', 8, 'Quisque porta volutpat erat. Quisque erat eros, viverra eget, congue eget, semper rutrum, nulla. Nunc purus.');
insert into productos (idproductos, img, price, brand, title, discount, description) values (29, 'http://dummyimage.com/180x243.png/cc0000/ffffff', 668, 'Duke Energy Corporation', 'Emulsifier', 20, 'In hac habitasse platea dictumst. Etiam faucibus cursus urna. Ut tellus.');
insert into productos (idproductos, img, price, brand, title, discount, description) values (30, 'http://dummyimage.com/122x226.png/cc0000/ffffff', 897, 'Builders FirstSource, Inc.', 'Salmon - Atlantic, Skin On', 15, 'Maecenas tristique, est et tempus semper, est quam pharetra magna, ac consequat metus sapien ut nunc. Vestibulum ante ipsum primis in faucibus orci luctus et ultrices posuere cubilia Curae; Mauris viverra diam vitae quam. Suspendisse potenti.');
insert into productos (idproductos, img, price, brand, title, discount, description) values (31, 'http://dummyimage.com/231x151.png/dddddd/000000', 888, 'Telenav, Inc.', 'Flower - Carnations', 10, 'Integer tincidunt ante vel ipsum. Praesent blandit lacinia erat. Vestibulum sed magna at nunc commodo placerat.');
insert into productos (idproductos, img, price, brand, title, discount, description) values (32, 'http://dummyimage.com/147x169.png/dddddd/000000', 203, 'Tiffany & Co.', 'Wine - Tribal Sauvignon', 7, 'Phasellus in felis. Donec semper sapien a libero. Nam dui.');
insert into productos (idproductos, img, price, brand, title, discount, description) values (33, 'http://dummyimage.com/133x227.png/cc0000/ffffff', 272, 'Netflix, Inc.', 'Tequila - Sauza Silver', 10, 'In sagittis dui vel nisl. Duis ac nibh. Fusce lacus purus, aliquet at, feugiat non, pretium quis, lectus.');
insert into productos (idproductos, img, price, brand, title, discount, description) values (34, 'http://dummyimage.com/193x242.png/cc0000/ffffff', 113, 'Delta Technology Holdings Limited', 'Beef - Ground, Extra Lean, Fresh', 9, 'Maecenas tristique, est et tempus semper, est quam pharetra magna, ac consequat metus sapien ut nunc. Vestibulum ante ipsum primis in faucibus orci luctus et ultrices posuere cubilia Curae; Mauris viverra diam vitae quam. Suspendisse potenti.');
insert into productos (idproductos, img, price, brand, title, discount, description) values (35, 'http://dummyimage.com/228x124.png/ff4444/ffffff', 906, 'Tyler Technologies, Inc.', 'Slt - Individual Portions', 17, 'Duis consequat dui nec nisi volutpat eleifend. Donec ut dolor. Morbi vel lectus in quam fringilla rhoncus.');
insert into productos (idproductos, img, price, brand, title, discount, description) values (36, 'http://dummyimage.com/218x101.png/cc0000/ffffff', 666, 'Scotts Miracle-Gro Company (The)', 'Brandy Apricot', 23, 'Proin leo odio, porttitor id, consequat in, consequat ut, nulla. Sed accumsan felis. Ut at dolor quis odio consequat varius.');
insert into productos (idproductos, img, price, brand, title, discount, description) values (37, 'http://dummyimage.com/230x179.png/5fa2dd/ffffff', 521, 'WSFS Financial Corporation', 'Lotus Rootlets - Canned', 23, 'Cras mi pede, malesuada in, imperdiet et, commodo vulputate, justo. In blandit ultrices enim. Lorem ipsum dolor sit amet, consectetuer adipiscing elit.');
insert into productos (idproductos, img, price, brand, title, discount, description) values (38, 'http://dummyimage.com/101x176.png/cc0000/ffffff', 633, 'Inphi Corporation', 'Coffee - Dark Roast', 11, 'Lorem ipsum dolor sit amet, consectetuer adipiscing elit. Proin risus. Praesent lectus.');
insert into productos (idproductos, img, price, brand, title, discount, description) values (39, 'http://dummyimage.com/246x105.png/5fa2dd/ffffff', 909, 'Aaron''s,  Inc.', 'Tuna - Bluefin', 18, 'Curabitur at ipsum ac tellus semper interdum. Mauris ullamcorper purus sit amet nulla. Quisque arcu libero, rutrum ac, lobortis vel, dapibus at, diam.');
insert into productos (idproductos, img, price, brand, title, discount, description) values (40, 'http://dummyimage.com/160x237.png/cc0000/ffffff', 328, 'BlackRock New Jersey Municipal Income Trust', 'Pasta - Canelloni', 11, 'Aenean fermentum. Donec ut mauris eget massa tempor convallis. Nulla neque libero, convallis eget, eleifend luctus, ultricies eu, nibh.');
insert into productos (idproductos, img, price, brand, title, discount, description) values (41, 'http://dummyimage.com/134x207.png/ff4444/ffffff', 77, 'Veritiv Corporation', 'Trueblue - Blueberry Cranberry', 19, 'Aenean lectus. Pellentesque eget nunc. Donec quis orci eget orci vehicula condimentum.');
insert into productos (idproductos, img, price, brand, title, discount, description) values (42, 'http://dummyimage.com/133x216.png/dddddd/000000', 414, 'DoubleLine Income Solutions Fund', 'Cheese - Brie,danish', 12, 'Integer tincidunt ante vel ipsum. Praesent blandit lacinia erat. Vestibulum sed magna at nunc commodo placerat.');
insert into productos (idproductos, img, price, brand, title, discount, description) values (43, 'http://dummyimage.com/133x169.png/5fa2dd/ffffff', 125, 'Simulations Plus, Inc.', 'Stock - Beef, Brown', 23, 'Cras mi pede, malesuada in, imperdiet et, commodo vulputate, justo. In blandit ultrices enim. Lorem ipsum dolor sit amet, consectetuer adipiscing elit.');
insert into productos (idproductos, img, price, brand, title, discount, description) values (44, 'http://dummyimage.com/109x235.png/ff4444/ffffff', 595, 'Genesco Inc.', 'Water - Perrier', 10, 'Aenean lectus. Pellentesque eget nunc. Donec quis orci eget orci vehicula condimentum.');
insert into productos (idproductos, img, price, brand, title, discount, description) values (45, 'http://dummyimage.com/188x142.png/cc0000/ffffff', 571, 'Points International, Ltd.', 'Ecolab Crystal Fusion', 18, 'In hac habitasse platea dictumst. Morbi vestibulum, velit id pretium iaculis, diam erat fermentum justo, nec condimentum neque sapien placerat ante. Nulla justo.');
insert into productos (idproductos, img, price, brand, title, discount, description) values (46, 'http://dummyimage.com/195x229.png/dddddd/000000', 732, 'Tortoise Pipeline & Energy Fund, Inc.', 'Spinach - Baby', 13, 'Curabitur in libero ut massa volutpat convallis. Morbi odio odio, elementum eu, interdum eu, tincidunt in, leo. Maecenas pulvinar lobortis est.');
insert into productos (idproductos, img, price, brand, title, discount, description) values (47, 'http://dummyimage.com/145x162.png/dddddd/000000', 202, 'Hess Midstream Partners LP', 'Vodka - Moskovskaya', 6, 'Aenean fermentum. Donec ut mauris eget massa tempor convallis. Nulla neque libero, convallis eget, eleifend luctus, ultricies eu, nibh.');
insert into productos (idproductos, img, price, brand, title, discount, description) values (48, 'http://dummyimage.com/100x102.png/dddddd/000000', 747, 'Getty Realty Corporation', 'Yogurt - Raspberry, 175 Gr', 9, 'Proin eu mi. Nulla ac enim. In tempor, turpis nec euismod scelerisque, quam turpis adipiscing lorem, vitae mattis nibh ligula nec sem.');
insert into productos (idproductos, img, price, brand, title, discount, description) values (49, 'http://dummyimage.com/134x221.png/5fa2dd/ffffff', 304, 'Brocade Communications Systems, Inc.', 'Sea Bass - Whole', 16, 'Proin leo odio, porttitor id, consequat in, consequat ut, nulla. Sed accumsan felis. Ut at dolor quis odio consequat varius.');
insert into productos (idproductos, img, price, brand, title, discount, description) values (50, 'http://dummyimage.com/200x165.png/cc0000/ffffff', 972, 'Equity Residential', 'Fruit Salad Deluxe', 11, 'Nulla ut erat id mauris vulputate elementum. Nullam varius. Nulla facilisi.');
insert into productos (idproductos, img, price, brand, title, discount, description) values (51, 'http://dummyimage.com/128x213.png/cc0000/ffffff', 445, 'GTT Communications, Inc.', 'Rum - Light, Captain Morgan', 24, 'Lorem ipsum dolor sit amet, consectetuer adipiscing elit. Proin risus. Praesent lectus.');
insert into productos (idproductos, img, price, brand, title, discount, description) values (52, 'http://dummyimage.com/197x185.png/5fa2dd/ffffff', 388, 'Principal Price Setters Index ETF', 'Wine - George Duboeuf Rose', 17, 'Morbi porttitor lorem id ligula. Suspendisse ornare consequat lectus. In est risus, auctor sed, tristique in, tempus sit amet, sem.');
insert into productos (idproductos, img, price, brand, title, discount, description) values (53, 'http://dummyimage.com/160x178.png/5fa2dd/ffffff', 461, 'Enbridge Energy Management LLC', 'Nut - Peanut, Roasted', 10, 'Duis bibendum, felis sed interdum venenatis, turpis enim blandit mi, in porttitor pede justo eu massa. Donec dapibus. Duis at velit eu est congue elementum.');
insert into productos (idproductos, img, price, brand, title, discount, description) values (54, 'http://dummyimage.com/171x227.png/cc0000/ffffff', 488, 'Overseas Shipholding Group, Inc.', 'Goat - Whole Cut', 17, 'Maecenas leo odio, condimentum id, luctus nec, molestie sed, justo. Pellentesque viverra pede ac diam. Cras pellentesque volutpat dui.');
insert into productos (idproductos, img, price, brand, title, discount, description) values (55, 'http://dummyimage.com/207x115.png/ff4444/ffffff', 64, 'Legg Mason, Inc.', 'Contreau', 24, 'Aliquam quis turpis eget elit sodales scelerisque. Mauris sit amet eros. Suspendisse accumsan tortor quis turpis.');
insert into productos (idproductos, img, price, brand, title, discount, description) values (56, 'http://dummyimage.com/137x190.png/ff4444/ffffff', 598, 'Community Health Systems, Inc.', 'Lettuce - Radicchio', 9, 'Vestibulum quam sapien, varius ut, blandit non, interdum in, ante. Vestibulum ante ipsum primis in faucibus orci luctus et ultrices posuere cubilia Curae; Duis faucibus accumsan odio. Curabitur convallis.');
insert into productos (idproductos, img, price, brand, title, discount, description) values (57, 'http://dummyimage.com/201x211.png/ff4444/ffffff', 252, 'Gabelli Dividend', 'Chicken - Ground', 22, 'Etiam vel augue. Vestibulum rutrum rutrum neque. Aenean auctor gravida sem.');
insert into productos (idproductos, img, price, brand, title, discount, description) values (58, 'http://dummyimage.com/129x175.png/cc0000/ffffff', 691, 'PowerShares Russell 1000 Low Beta Equal Weight Portfolio', 'Chicken - Base', 22, 'Duis bibendum. Morbi non quam nec dui luctus rutrum. Nulla tellus.');
insert into productos (idproductos, img, price, brand, title, discount, description) values (59, 'http://dummyimage.com/166x216.png/dddddd/000000', 71, 'Macatawa Bank Corporation', 'Juice - Cranberry, 341 Ml', 12, 'Aenean lectus. Pellentesque eget nunc. Donec quis orci eget orci vehicula condimentum.');
insert into productos (idproductos, img, price, brand, title, discount, description) values (60, 'http://dummyimage.com/107x185.png/5fa2dd/ffffff', 109, 'MACOM Technology Solutions Holdings, Inc.', 'Turnip - Mini', 7, 'Curabitur gravida nisi at nibh. In hac habitasse platea dictumst. Aliquam augue quam, sollicitudin vitae, consectetuer eget, rutrum at, lorem.');
insert into productos (idproductos, img, price, brand, title, discount, description) values (61, 'http://dummyimage.com/125x171.png/cc0000/ffffff', 41, 'Nuveen Georgia Quality Municipal Income Fund ', 'Thyme - Lemon, Fresh', 11, 'Integer tincidunt ante vel ipsum. Praesent blandit lacinia erat. Vestibulum sed magna at nunc commodo placerat.');
insert into productos (idproductos, img, price, brand, title, discount, description) values (62, 'http://dummyimage.com/182x168.png/cc0000/ffffff', 708, 'Greenbrier Companies, Inc. (The)', 'Pate - Cognac', 20, 'Praesent id massa id nisl venenatis lacinia. Aenean sit amet justo. Morbi ut odio.');
insert into productos (idproductos, img, price, brand, title, discount, description) values (63, 'http://dummyimage.com/169x129.png/5fa2dd/ffffff', 452, 'Vornado Realty Trust', 'Cup Translucent 9 Oz', 14, 'Duis bibendum, felis sed interdum venenatis, turpis enim blandit mi, in porttitor pede justo eu massa. Donec dapibus. Duis at velit eu est congue elementum.');
insert into productos (idproductos, img, price, brand, title, discount, description) values (64, 'http://dummyimage.com/169x113.png/5fa2dd/ffffff', 683, 'Pioneer Municipal High Income Advantage Trust', 'Pimento - Canned', 23, 'Sed ante. Vivamus tortor. Duis mattis egestas metus.');
insert into productos (idproductos, img, price, brand, title, discount, description) values (65, 'http://dummyimage.com/177x140.png/dddddd/000000', 101, 'Royal Bank Scotland plc (The)', 'Sauce - Vodka Blush', 13, 'Curabitur in libero ut massa volutpat convallis. Morbi odio odio, elementum eu, interdum eu, tincidunt in, leo. Maecenas pulvinar lobortis est.');
insert into productos (idproductos, img, price, brand, title, discount, description) values (66, 'http://dummyimage.com/105x206.png/cc0000/ffffff', 491, 'Renren Inc.', 'Bamboo Shoots - Sliced', 8, 'Maecenas ut massa quis augue luctus tincidunt. Nulla mollis molestie lorem. Quisque ut erat.');
insert into productos (idproductos, img, price, brand, title, discount, description) values (67, 'http://dummyimage.com/101x124.png/dddddd/000000', 356, 'Stellar Acquisition III Inc.', 'Chocolate Bar - Reese Pieces', 21, 'Pellentesque at nulla. Suspendisse potenti. Cras in purus eu magna vulputate luctus.');
insert into productos (idproductos, img, price, brand, title, discount, description) values (68, 'http://dummyimage.com/175x248.png/ff4444/ffffff', 958, 'OFS Capital Corporation', 'Blackberries', 12, 'Cras non velit nec nisi vulputate nonummy. Maecenas tincidunt lacus at velit. Vivamus vel nulla eget eros elementum pellentesque.');
insert into productos (idproductos, img, price, brand, title, discount, description) values (69, 'http://dummyimage.com/132x204.png/cc0000/ffffff', 653, 'Empresa Distribuidora Y Comercializadora Norte S.A. (Edenor)', 'Calypso - Lemonade', 21, 'Nam ultrices, libero non mattis pulvinar, nulla pede ullamcorper augue, a suscipit nulla elit ac nulla. Sed vel enim sit amet nunc viverra dapibus. Nulla suscipit ligula in lacus.');
insert into productos (idproductos, img, price, brand, title, discount, description) values (70, 'http://dummyimage.com/244x108.png/ff4444/ffffff', 691, 'Western Asset Investment Grade Defined Opportunity Trust Inc.', 'Lamb - Whole, Frozen', 13, 'Etiam vel augue. Vestibulum rutrum rutrum neque. Aenean auctor gravida sem.');
insert into productos (idproductos, img, price, brand, title, discount, description) values (71, 'http://dummyimage.com/102x191.png/5fa2dd/ffffff', 510, 'Louisiana-Pacific Corporation', 'Vinegar - White Wine', 22, 'Curabitur in libero ut massa volutpat convallis. Morbi odio odio, elementum eu, interdum eu, tincidunt in, leo. Maecenas pulvinar lobortis est.');
insert into productos (idproductos, img, price, brand, title, discount, description) values (72, 'http://dummyimage.com/179x225.png/dddddd/000000', 867, 'Arch Capital Group Ltd.', 'Juice - Orange 1.89l', 15, 'Suspendisse potenti. In eleifend quam a odio. In hac habitasse platea dictumst.');
insert into productos (idproductos, img, price, brand, title, discount, description) values (73, 'http://dummyimage.com/126x215.png/dddddd/000000', 834, 'Global Blood Therapeutics, Inc.', 'Cup Translucent 9 Oz', 14, 'Pellentesque at nulla. Suspendisse potenti. Cras in purus eu magna vulputate luctus.');
insert into productos (idproductos, img, price, brand, title, discount, description) values (74, 'http://dummyimage.com/189x132.png/dddddd/000000', 692, 'Westlake Chemical Corporation', 'Flower - Commercial Bronze', 17, 'Phasellus in felis. Donec semper sapien a libero. Nam dui.');
insert into productos (idproductos, img, price, brand, title, discount, description) values (75, 'http://dummyimage.com/130x247.png/ff4444/ffffff', 855, 'Itau Unibanco Banco Holding SA', 'Brandy - Bar', 13, 'Praesent blandit. Nam nulla. Integer pede justo, lacinia eget, tincidunt eget, tempus vel, pede.');
insert into productos (idproductos, img, price, brand, title, discount, description) values (76, 'http://dummyimage.com/223x158.png/5fa2dd/ffffff', 245, 'Flexsteel Industries, Inc.', 'Wine - Cava Aria Estate Brut', 11, 'Nullam sit amet turpis elementum ligula vehicula consequat. Morbi a ipsum. Integer a nibh.');
insert into productos (idproductos, img, price, brand, title, discount, description) values (77, 'http://dummyimage.com/150x236.png/ff4444/ffffff', 838, 'RAIT Financial Trust', 'Raspberries - Frozen', 5, 'Aenean lectus. Pellentesque eget nunc. Donec quis orci eget orci vehicula condimentum.');
insert into productos (idproductos, img, price, brand, title, discount, description) values (78, 'http://dummyimage.com/130x233.png/dddddd/000000', 247, 'West Bancorporation', 'Cinnamon Buns Sticky', 21, 'Curabitur gravida nisi at nibh. In hac habitasse platea dictumst. Aliquam augue quam, sollicitudin vitae, consectetuer eget, rutrum at, lorem.');
insert into productos (idproductos, img, price, brand, title, discount, description) values (79, 'http://dummyimage.com/109x245.png/ff4444/ffffff', 207, 'Vanguard Russell 3000 ETF', 'Tea - Jasmin Green', 5, 'Phasellus sit amet erat. Nulla tempus. Vivamus in felis eu sapien cursus vestibulum.');
insert into productos (idproductos, img, price, brand, title, discount, description) values (80, 'http://dummyimage.com/228x233.png/cc0000/ffffff', 402, 'Shell Midstream Partners, L.P.', 'Asparagus - Mexican', 19, 'Phasellus sit amet erat. Nulla tempus. Vivamus in felis eu sapien cursus vestibulum.');
insert into productos (idproductos, img, price, brand, title, discount, description) values (81, 'http://dummyimage.com/207x177.png/dddddd/000000', 221, 'Lazard Global Total Return and Income Fund', 'Wine - Merlot Vina Carmen', 22, 'Nullam sit amet turpis elementum ligula vehicula consequat. Morbi a ipsum. Integer a nibh.');
insert into productos (idproductos, img, price, brand, title, discount, description) values (82, 'http://dummyimage.com/210x154.png/5fa2dd/ffffff', 583, 'Icahn Enterprises L.P.', 'Sugar - Palm', 11, 'Duis aliquam convallis nunc. Proin at turpis a pede posuere nonummy. Integer non velit.');
insert into productos (idproductos, img, price, brand, title, discount, description) values (83, 'http://dummyimage.com/105x247.png/5fa2dd/ffffff', 322, 'Armstrong World Industries Inc', 'Beets - Pickled', 9, 'Quisque porta volutpat erat. Quisque erat eros, viverra eget, congue eget, semper rutrum, nulla. Nunc purus.');
insert into productos (idproductos, img, price, brand, title, discount, description) values (84, 'http://dummyimage.com/156x100.png/ff4444/ffffff', 699, 'Hovnanian Enterprises Inc', 'Sandwich Wrap', 19, 'Aliquam quis turpis eget elit sodales scelerisque. Mauris sit amet eros. Suspendisse accumsan tortor quis turpis.');
insert into productos (idproductos, img, price, brand, title, discount, description) values (85, 'http://dummyimage.com/138x224.png/5fa2dd/ffffff', 210, 'Brooks Automation, Inc.', 'Sambuca - Opal Nera', 17, 'Proin leo odio, porttitor id, consequat in, consequat ut, nulla. Sed accumsan felis. Ut at dolor quis odio consequat varius.');
insert into productos (idproductos, img, price, brand, title, discount, description) values (86, 'http://dummyimage.com/167x116.png/5fa2dd/ffffff', 861, 'Morgan Stanley China A Share Fund Inc.', 'Okra', 15, 'Aenean lectus. Pellentesque eget nunc. Donec quis orci eget orci vehicula condimentum.');
insert into productos (idproductos, img, price, brand, title, discount, description) values (87, 'http://dummyimage.com/247x156.png/cc0000/ffffff', 476, 'Quinpario Acquisition Corp. 2', 'Sauce - Sesame Thai Dressing', 14, 'Morbi non lectus. Aliquam sit amet diam in magna bibendum imperdiet. Nullam orci pede, venenatis non, sodales sed, tincidunt eu, felis.');
insert into productos (idproductos, img, price, brand, title, discount, description) values (88, 'http://dummyimage.com/104x185.png/dddddd/000000', 707, 'Citizens & Northern Corp', 'Chicken - Wings, Tip Off', 17, 'Pellentesque at nulla. Suspendisse potenti. Cras in purus eu magna vulputate luctus.');
insert into productos (idproductos, img, price, brand, title, discount, description) values (89, 'http://dummyimage.com/225x221.png/ff4444/ffffff', 938, 'IF Bancorp, Inc.', 'Bread - Italian Corn Meal Poly', 5, 'Duis bibendum. Morbi non quam nec dui luctus rutrum. Nulla tellus.');
insert into productos (idproductos, img, price, brand, title, discount, description) values (90, 'http://dummyimage.com/216x176.png/dddddd/000000', 579, 'Liberty Property Trust', 'Extract - Vanilla,artificial', 9, 'In hac habitasse platea dictumst. Etiam faucibus cursus urna. Ut tellus.');
insert into productos (idproductos, img, price, brand, title, discount, description) values (91, 'http://dummyimage.com/115x190.png/dddddd/000000', 647, 'Function(x) Inc.', 'Coffee - Colombian, Portioned', 13, 'Vestibulum ac est lacinia nisi venenatis tristique. Fusce congue, diam id ornare imperdiet, sapien urna pretium nisl, ut volutpat sapien arcu sed augue. Aliquam erat volutpat.');
insert into productos (idproductos, img, price, brand, title, discount, description) values (92, 'http://dummyimage.com/230x153.png/cc0000/ffffff', 772, 'Targa Resources Partners LP', 'Banana Turning', 17, 'In hac habitasse platea dictumst. Etiam faucibus cursus urna. Ut tellus.');
insert into productos (idproductos, img, price, brand, title, discount, description) values (93, 'http://dummyimage.com/169x198.png/ff4444/ffffff', 487, 'Western Asset High Income Fund II Inc.', 'Lobster - Base', 21, 'Nullam sit amet turpis elementum ligula vehicula consequat. Morbi a ipsum. Integer a nibh.');
insert into productos (idproductos, img, price, brand, title, discount, description) values (94, 'http://dummyimage.com/219x106.png/cc0000/ffffff', 711, 'RealNetworks, Inc.', 'Foam Tray S2', 7, 'In congue. Etiam justo. Etiam pretium iaculis justo.');
insert into productos (idproductos, img, price, brand, title, discount, description) values (95, 'http://dummyimage.com/159x117.png/ff4444/ffffff', 655, 'Lamb Weston Holdings, Inc.', 'Iced Tea Concentrate', 11, 'Cras mi pede, malesuada in, imperdiet et, commodo vulputate, justo. In blandit ultrices enim. Lorem ipsum dolor sit amet, consectetuer adipiscing elit.');
insert into productos (idproductos, img, price, brand, title, discount, description) values (96, 'http://dummyimage.com/119x153.png/dddddd/000000', 730, 'Chanticleer Holdings, Inc.', 'Eggplant Italian', 5, 'In hac habitasse platea dictumst. Morbi vestibulum, velit id pretium iaculis, diam erat fermentum justo, nec condimentum neque sapien placerat ante. Nulla justo.');
insert into productos (idproductos, img, price, brand, title, discount, description) values (97, 'http://dummyimage.com/198x250.png/5fa2dd/ffffff', 701, 'AMAG Pharmaceuticals, Inc.', 'Paper Towel Touchless', 5, 'Duis bibendum, felis sed interdum venenatis, turpis enim blandit mi, in porttitor pede justo eu massa. Donec dapibus. Duis at velit eu est congue elementum.');
insert into productos (idproductos, img, price, brand, title, discount, description) values (98, 'http://dummyimage.com/249x163.png/cc0000/ffffff', 109, 'Summit Hotel Properties, Inc.', 'Liqueur Banana, Ramazzotti', 12, 'Phasellus in felis. Donec semper sapien a libero. Nam dui.');
insert into productos (idproductos, img, price, brand, title, discount, description) values (99, 'http://dummyimage.com/144x219.png/5fa2dd/ffffff', 6, 'Cirrus Logic, Inc.', 'Pumpkin', 22, 'Integer ac leo. Pellentesque ultrices mattis odio. Donec vitae nisi.');
insert into productos (idproductos, img, price, brand, title, discount, description) values (100, 'http://dummyimage.com/162x178.png/ff4444/ffffff', 115, 'Nexeo Solutions, Inc.', 'Oil - Olive Bertolli', 5, 'Quisque porta volutpat erat. Quisque erat eros, viverra eget, congue eget, semper rutrum, nulla. Nunc purus.');
insert into productos (idproductos, img, price, brand, title, discount, description) values (101, 'http://dummyimage.com/206x217.png/ff4444/ffffff', 646, 'Agilent Technologies, Inc.', 'Bread - Dark Rye', 22, 'Integer tincidunt ante vel ipsum. Praesent blandit lacinia erat. Vestibulum sed magna at nunc commodo placerat.');
insert into productos (idproductos, img, price, brand, title, discount, description) values (102, 'http://dummyimage.com/161x132.png/ff4444/ffffff', 554, 'InfoSonics Corp', 'Pesto - Primerba, Paste', 13, 'Proin leo odio, porttitor id, consequat in, consequat ut, nulla. Sed accumsan felis. Ut at dolor quis odio consequat varius.');
insert into productos (idproductos, img, price, brand, title, discount, description) values (103, 'http://dummyimage.com/200x216.png/5fa2dd/ffffff', 241, 'Iridium Communications Inc', 'Couscous', 19, 'Cum sociis natoque penatibus et magnis dis parturient montes, nascetur ridiculus mus. Vivamus vestibulum sagittis sapien. Cum sociis natoque penatibus et magnis dis parturient montes, nascetur ridiculus mus.');
insert into productos (idproductos, img, price, brand, title, discount, description) values (104, 'http://dummyimage.com/188x105.png/5fa2dd/ffffff', 426, 'Sunesis Pharmaceuticals, Inc.', 'White Baguette', 14, 'In hac habitasse platea dictumst. Morbi vestibulum, velit id pretium iaculis, diam erat fermentum justo, nec condimentum neque sapien placerat ante. Nulla justo.');
insert into productos (idproductos, img, price, brand, title, discount, description) values (105, 'http://dummyimage.com/136x213.png/5fa2dd/ffffff', 434, 'Cellcom Israel, Ltd.', 'Bread - Roll, Canadian Dinner', 16, 'Quisque porta volutpat erat. Quisque erat eros, viverra eget, congue eget, semper rutrum, nulla. Nunc purus.');
insert into productos (idproductos, img, price, brand, title, discount, description) values (106, 'http://dummyimage.com/151x112.png/ff4444/ffffff', 968, 'CareDx, Inc.', 'Muffin Batt - Choc Chk', 25, 'Etiam vel augue. Vestibulum rutrum rutrum neque. Aenean auctor gravida sem.');
insert into productos (idproductos, img, price, brand, title, discount, description) values (107, 'http://dummyimage.com/213x171.png/cc0000/ffffff', 797, 'Allegion plc', 'Mousse - Banana Chocolate', 12, 'Duis consequat dui nec nisi volutpat eleifend. Donec ut dolor. Morbi vel lectus in quam fringilla rhoncus.');
insert into productos (idproductos, img, price, brand, title, discount, description) values (108, 'http://dummyimage.com/244x190.png/cc0000/ffffff', 853, 'J P Morgan Chase & Co', 'Daikon Radish', 11, 'Quisque id justo sit amet sapien dignissim vestibulum. Vestibulum ante ipsum primis in faucibus orci luctus et ultrices posuere cubilia Curae; Nulla dapibus dolor vel est. Donec odio justo, sollicitudin ut, suscipit a, feugiat et, eros.');
insert into productos (idproductos, img, price, brand, title, discount, description) values (109, 'http://dummyimage.com/104x118.png/cc0000/ffffff', 452, 'Hurco Companies, Inc.', 'Salmon - Canned', 11, 'Nam ultrices, libero non mattis pulvinar, nulla pede ullamcorper augue, a suscipit nulla elit ac nulla. Sed vel enim sit amet nunc viverra dapibus. Nulla suscipit ligula in lacus.');
insert into productos (idproductos, img, price, brand, title, discount, description) values (110, 'http://dummyimage.com/154x130.png/ff4444/ffffff', 798, 'BlackRock Utility and Infrastructure Trust', 'Shrimp - Black Tiger 13/15', 5, 'Cras mi pede, malesuada in, imperdiet et, commodo vulputate, justo. In blandit ultrices enim. Lorem ipsum dolor sit amet, consectetuer adipiscing elit.');
insert into productos (idproductos, img, price, brand, title, discount, description) values (111, 'http://dummyimage.com/188x182.png/dddddd/000000', 863, 'Concho Resources Inc.', 'Pork - Sausage, Medium', 13, 'In hac habitasse platea dictumst. Etiam faucibus cursus urna. Ut tellus.');
insert into productos (idproductos, img, price, brand, title, discount, description) values (112, 'http://dummyimage.com/127x123.png/cc0000/ffffff', 939, 'CBO (Listing Market - NYSE - Networks A/E)', 'Bacon Strip Precooked', 10, 'In hac habitasse platea dictumst. Etiam faucibus cursus urna. Ut tellus.');
insert into productos (idproductos, img, price, brand, title, discount, description) values (113, 'http://dummyimage.com/104x166.png/5fa2dd/ffffff', 258, 'Pacific Biosciences of California, Inc.', 'Paper - Brown Paper Mini Cups', 15, 'Duis consequat dui nec nisi volutpat eleifend. Donec ut dolor. Morbi vel lectus in quam fringilla rhoncus.');
insert into productos (idproductos, img, price, brand, title, discount, description) values (114, 'http://dummyimage.com/116x207.png/ff4444/ffffff', 959, 'Marchex, Inc.', 'Tomatoes - Hot House', 23, 'Duis bibendum. Morbi non quam nec dui luctus rutrum. Nulla tellus.');
insert into productos (idproductos, img, price, brand, title, discount, description) values (115, 'http://dummyimage.com/110x183.png/ff4444/ffffff', 236, 'BCB Bancorp, Inc. (NJ)', 'Tomatoes - Grape', 19, 'Quisque porta volutpat erat. Quisque erat eros, viverra eget, congue eget, semper rutrum, nulla. Nunc purus.');
insert into productos (idproductos, img, price, brand, title, discount, description) values (116, 'http://dummyimage.com/242x110.png/5fa2dd/ffffff', 649, 'China Lending Corporation', 'Coffee Decaf Colombian', 18, 'Lorem ipsum dolor sit amet, consectetuer adipiscing elit. Proin risus. Praesent lectus.');
insert into productos (idproductos, img, price, brand, title, discount, description) values (117, 'http://dummyimage.com/224x250.png/cc0000/ffffff', 498, 'Liberty Interactive Corporation', 'Octopus', 5, 'Curabitur at ipsum ac tellus semper interdum. Mauris ullamcorper purus sit amet nulla. Quisque arcu libero, rutrum ac, lobortis vel, dapibus at, diam.');
insert into productos (idproductos, img, price, brand, title, discount, description) values (118, 'http://dummyimage.com/193x129.png/dddddd/000000', 45, 'PLx Pharma Inc.', 'Puff Pastry - Slab', 5, 'In hac habitasse platea dictumst. Morbi vestibulum, velit id pretium iaculis, diam erat fermentum justo, nec condimentum neque sapien placerat ante. Nulla justo.');
insert into productos (idproductos, img, price, brand, title, discount, description) values (119, 'http://dummyimage.com/121x235.png/dddddd/000000', 461, 'CNH Industrial N.V.', 'Cups 10oz Trans', 17, 'Maecenas leo odio, condimentum id, luctus nec, molestie sed, justo. Pellentesque viverra pede ac diam. Cras pellentesque volutpat dui.');
insert into productos (idproductos, img, price, brand, title, discount, description) values (120, 'http://dummyimage.com/157x240.png/ff4444/ffffff', 839, 'AbbVie Inc.', 'Soup - Campbells, Lentil', 16, 'Vestibulum quam sapien, varius ut, blandit non, interdum in, ante. Vestibulum ante ipsum primis in faucibus orci luctus et ultrices posuere cubilia Curae; Duis faucibus accumsan odio. Curabitur convallis.');
insert into productos (idproductos, img, price, brand, title, discount, description) values (121, 'http://dummyimage.com/130x208.png/5fa2dd/ffffff', 25, 'Arlington Asset Investment Corp', 'Chevril', 24, 'Praesent blandit. Nam nulla. Integer pede justo, lacinia eget, tincidunt eget, tempus vel, pede.');
insert into productos (idproductos, img, price, brand, title, discount, description) values (122, 'http://dummyimage.com/217x161.png/5fa2dd/ffffff', 467, 'Jones Energy, Inc.', 'Nut - Almond, Blanched, Ground', 17, 'Cras non velit nec nisi vulputate nonummy. Maecenas tincidunt lacus at velit. Vivamus vel nulla eget eros elementum pellentesque.');
insert into productos (idproductos, img, price, brand, title, discount, description) values (123, 'http://dummyimage.com/120x218.png/ff4444/ffffff', 481, 'AngloGold Ashanti Limited', 'Salmon Steak - Cohoe 8 Oz', 13, 'Vestibulum ac est lacinia nisi venenatis tristique. Fusce congue, diam id ornare imperdiet, sapien urna pretium nisl, ut volutpat sapien arcu sed augue. Aliquam erat volutpat.');
insert into productos (idproductos, img, price, brand, title, discount, description) values (124, 'http://dummyimage.com/228x116.png/cc0000/ffffff', 867, 'Student Transportation Inc', 'Napkin Colour', 11, 'Maecenas ut massa quis augue luctus tincidunt. Nulla mollis molestie lorem. Quisque ut erat.');
insert into productos (idproductos, img, price, brand, title, discount, description) values (125, 'http://dummyimage.com/231x109.png/5fa2dd/ffffff', 771, 'MutualFirst Financial Inc.', 'Pie Shell - 9', 7, 'Duis consequat dui nec nisi volutpat eleifend. Donec ut dolor. Morbi vel lectus in quam fringilla rhoncus.');
insert into productos (idproductos, img, price, brand, title, discount, description) values (126, 'http://dummyimage.com/221x203.png/cc0000/ffffff', 351, 'BalckRock Taxable Municipal Bond Trust', 'Plate Foam Laminated 9in Blk', 7, 'Integer tincidunt ante vel ipsum. Praesent blandit lacinia erat. Vestibulum sed magna at nunc commodo placerat.');
insert into productos (idproductos, img, price, brand, title, discount, description) values (127, 'http://dummyimage.com/179x101.png/ff4444/ffffff', 126, 'Independent Bank Corp.', 'Sprouts - Alfalfa', 20, 'Morbi non lectus. Aliquam sit amet diam in magna bibendum imperdiet. Nullam orci pede, venenatis non, sodales sed, tincidunt eu, felis.');
insert into productos (idproductos, img, price, brand, title, discount, description) values (128, 'http://dummyimage.com/222x236.png/dddddd/000000', 489, 'TiGenix', 'Gin - Gilbeys London, Dry', 18, 'Maecenas tristique, est et tempus semper, est quam pharetra magna, ac consequat metus sapien ut nunc. Vestibulum ante ipsum primis in faucibus orci luctus et ultrices posuere cubilia Curae; Mauris viverra diam vitae quam. Suspendisse potenti.');
insert into productos (idproductos, img, price, brand, title, discount, description) values (129, 'http://dummyimage.com/127x183.png/ff4444/ffffff', 260, 'Intuit Inc.', 'Wine - Penfolds Koonuga Hill', 24, 'Morbi porttitor lorem id ligula. Suspendisse ornare consequat lectus. In est risus, auctor sed, tristique in, tempus sit amet, sem.');
insert into productos (idproductos, img, price, brand, title, discount, description) values (130, 'http://dummyimage.com/109x124.png/dddddd/000000', 83, 'Aerohive Networks, Inc.', 'Muffin Batt - Blueberry Passion', 11, 'Fusce posuere felis sed lacus. Morbi sem mauris, laoreet ut, rhoncus aliquet, pulvinar sed, nisl. Nunc rhoncus dui vel sem.');
insert into productos (idproductos, img, price, brand, title, discount, description) values (131, 'http://dummyimage.com/155x186.png/cc0000/ffffff', 880, 'NTT DOCOMO, Inc', 'Pork - Loin, Center Cut', 7, 'Maecenas ut massa quis augue luctus tincidunt. Nulla mollis molestie lorem. Quisque ut erat.');
insert into productos (idproductos, img, price, brand, title, discount, description) values (132, 'http://dummyimage.com/131x187.png/cc0000/ffffff', 705, 'Hancock Holding Company', 'Chocolate Bar - Oh Henry', 13, 'Integer tincidunt ante vel ipsum. Praesent blandit lacinia erat. Vestibulum sed magna at nunc commodo placerat.');
insert into productos (idproductos, img, price, brand, title, discount, description) values (133, 'http://dummyimage.com/247x155.png/cc0000/ffffff', 156, 'First Trust RiverFront Dynamic Developed International ETF', 'Beef Striploin Aaa', 17, 'Quisque porta volutpat erat. Quisque erat eros, viverra eget, congue eget, semper rutrum, nulla. Nunc purus.');
insert into productos (idproductos, img, price, brand, title, discount, description) values (134, 'http://dummyimage.com/210x138.png/5fa2dd/ffffff', 767, 'Arlington Asset Investment Corp', 'Wine - Mondavi Coastal Private', 25, 'Quisque porta volutpat erat. Quisque erat eros, viverra eget, congue eget, semper rutrum, nulla. Nunc purus.');
insert into productos (idproductos, img, price, brand, title, discount, description) values (135, 'http://dummyimage.com/248x135.png/dddddd/000000', 351, 'Ionis Pharmaceuticals, Inc.', 'Longos - Greek Salad', 22, 'Sed sagittis. Nam congue, risus semper porta volutpat, quam pede lobortis ligula, sit amet eleifend pede libero quis orci. Nullam molestie nibh in lectus.');
insert into productos (idproductos, img, price, brand, title, discount, description) values (136, 'http://dummyimage.com/250x203.png/cc0000/ffffff', 749, 'Cabot Microelectronics Corporation', 'Chocolate - Sugar Free Semi Choc', 10, 'Nulla ut erat id mauris vulputate elementum. Nullam varius. Nulla facilisi.');
insert into productos (idproductos, img, price, brand, title, discount, description) values (137, 'http://dummyimage.com/164x113.png/ff4444/ffffff', 872, 'Playa Hotels & Resorts N.V.', 'Chocolate - Milk', 18, 'Maecenas ut massa quis augue luctus tincidunt. Nulla mollis molestie lorem. Quisque ut erat.');
insert into productos (idproductos, img, price, brand, title, discount, description) values (138, 'http://dummyimage.com/194x250.png/ff4444/ffffff', 406, 'TechnipFMC plc', 'Muffin Batt - Blueberry Passion', 18, 'Maecenas leo odio, condimentum id, luctus nec, molestie sed, justo. Pellentesque viverra pede ac diam. Cras pellentesque volutpat dui.');
insert into productos (idproductos, img, price, brand, title, discount, description) values (139, 'http://dummyimage.com/178x222.png/5fa2dd/ffffff', 363, 'Lehman ABS Corporation', 'Cake - Cake Sheet Macaroon', 22, 'Quisque porta volutpat erat. Quisque erat eros, viverra eget, congue eget, semper rutrum, nulla. Nunc purus.');
insert into productos (idproductos, img, price, brand, title, discount, description) values (140, 'http://dummyimage.com/134x124.png/dddddd/000000', 710, 'Steel Partners Holdings LP', 'Pepper - Green', 18, 'Aliquam quis turpis eget elit sodales scelerisque. Mauris sit amet eros. Suspendisse accumsan tortor quis turpis.');
insert into productos (idproductos, img, price, brand, title, discount, description) values (141, 'http://dummyimage.com/162x232.png/dddddd/000000', 673, 'Cerulean Pharma Inc.', 'Juice - Apple Cider', 20, 'Duis aliquam convallis nunc. Proin at turpis a pede posuere nonummy. Integer non velit.');
insert into productos (idproductos, img, price, brand, title, discount, description) values (142, 'http://dummyimage.com/191x190.png/ff4444/ffffff', 33, 'BlackRock New Jersey Municipal Income Trust', 'Mushroom - Enoki, Fresh', 15, 'Suspendisse potenti. In eleifend quam a odio. In hac habitasse platea dictumst.');
insert into productos (idproductos, img, price, brand, title, discount, description) values (143, 'http://dummyimage.com/101x215.png/dddddd/000000', 616, 'Fuwei Films (Holdings) Co., Ltd.', 'Lettuce - Spring Mix', 25, 'Proin eu mi. Nulla ac enim. In tempor, turpis nec euismod scelerisque, quam turpis adipiscing lorem, vitae mattis nibh ligula nec sem.');
insert into productos (idproductos, img, price, brand, title, discount, description) values (144, 'http://dummyimage.com/223x208.png/dddddd/000000', 413, 'Quest Resource Holding Corporation.', 'Beer - Muskoka Cream Ale', 6, 'In hac habitasse platea dictumst. Morbi vestibulum, velit id pretium iaculis, diam erat fermentum justo, nec condimentum neque sapien placerat ante. Nulla justo.');
insert into productos (idproductos, img, price, brand, title, discount, description) values (145, 'http://dummyimage.com/126x178.png/ff4444/ffffff', 458, 'Willis Towers Watson Public Limited Company', 'Mushroom - Porcini Frozen', 12, 'Vestibulum ac est lacinia nisi venenatis tristique. Fusce congue, diam id ornare imperdiet, sapien urna pretium nisl, ut volutpat sapien arcu sed augue. Aliquam erat volutpat.');
insert into productos (idproductos, img, price, brand, title, discount, description) values (146, 'http://dummyimage.com/238x149.png/cc0000/ffffff', 573, 'Barington/Hilco Acquisition Corp.', 'Muffin Mix - Lemon Cranberry', 22, 'Duis bibendum. Morbi non quam nec dui luctus rutrum. Nulla tellus.');
insert into productos (idproductos, img, price, brand, title, discount, description) values (147, 'http://dummyimage.com/213x111.png/dddddd/000000', 99, 'ACI Worldwide, Inc.', 'Parasol Pick Stir Stick', 17, 'Sed ante. Vivamus tortor. Duis mattis egestas metus.');
insert into productos (idproductos, img, price, brand, title, discount, description) values (148, 'http://dummyimage.com/178x236.png/5fa2dd/ffffff', 322, 'Onvia, Inc.', 'Lid - 10,12,16 Oz', 12, 'Sed ante. Vivamus tortor. Duis mattis egestas metus.');
insert into productos (idproductos, img, price, brand, title, discount, description) values (149, 'http://dummyimage.com/249x186.png/cc0000/ffffff', 222, 'Artisan Partners Asset Management Inc.', 'Grapes - Black', 9, 'Maecenas leo odio, condimentum id, luctus nec, molestie sed, justo. Pellentesque viverra pede ac diam. Cras pellentesque volutpat dui.');
insert into productos (idproductos, img, price, brand, title, discount, description) values (150, 'http://dummyimage.com/234x223.png/5fa2dd/ffffff', 171, 'Depomed, Inc.', 'Cheese - Stilton', 8, 'Quisque porta volutpat erat. Quisque erat eros, viverra eget, congue eget, semper rutrum, nulla. Nunc purus.');
insert into productos (idproductos, img, price, brand, title, discount, description) values (151, 'http://dummyimage.com/154x100.png/dddddd/000000', 341, 'Zillow Group, Inc.', 'Lamb - Shanks', 9, 'Praesent id massa id nisl venenatis lacinia. Aenean sit amet justo. Morbi ut odio.');
insert into productos (idproductos, img, price, brand, title, discount, description) values (152, 'http://dummyimage.com/177x152.png/ff4444/ffffff', 417, 'Dominion Energy Midstream Partners, LP', 'Veal - Brisket, Provimi, Bone - In', 20, 'Cum sociis natoque penatibus et magnis dis parturient montes, nascetur ridiculus mus. Vivamus vestibulum sagittis sapien. Cum sociis natoque penatibus et magnis dis parturient montes, nascetur ridiculus mus.');
insert into productos (idproductos, img, price, brand, title, discount, description) values (153, 'http://dummyimage.com/134x102.png/dddddd/000000', 380, 'Scorpio Tankers Inc.', 'Straw - Regular', 16, 'Nam ultrices, libero non mattis pulvinar, nulla pede ullamcorper augue, a suscipit nulla elit ac nulla. Sed vel enim sit amet nunc viverra dapibus. Nulla suscipit ligula in lacus.');
insert into productos (idproductos, img, price, brand, title, discount, description) values (154, 'http://dummyimage.com/220x227.png/ff4444/ffffff', 112, 'Sun Communities, Inc.', 'Lemon Balm - Fresh', 5, 'Praesent id massa id nisl venenatis lacinia. Aenean sit amet justo. Morbi ut odio.');
insert into productos (idproductos, img, price, brand, title, discount, description) values (155, 'http://dummyimage.com/175x182.png/dddddd/000000', 590, 'Aduro Biotech, Inc.', 'Extract - Almond', 10, 'Aliquam quis turpis eget elit sodales scelerisque. Mauris sit amet eros. Suspendisse accumsan tortor quis turpis.');
insert into productos (idproductos, img, price, brand, title, discount, description) values (156, 'http://dummyimage.com/137x130.png/cc0000/ffffff', 243, 'W.R. Berkley Corporation', 'Wine - Sauvignon Blanc Oyster', 24, 'Nulla ut erat id mauris vulputate elementum. Nullam varius. Nulla facilisi.');
insert into productos (idproductos, img, price, brand, title, discount, description) values (157, 'http://dummyimage.com/209x237.png/ff4444/ffffff', 279, 'BlackRock Utility and Infrastructure Trust', 'Fudge - Chocolate Fudge', 21, 'Lorem ipsum dolor sit amet, consectetuer adipiscing elit. Proin risus. Praesent lectus.');
insert into productos (idproductos, img, price, brand, title, discount, description) values (158, 'http://dummyimage.com/153x134.png/dddddd/000000', 119, 'Southern California Edison Company', 'Fib N9 - Prague Powder', 15, 'Proin leo odio, porttitor id, consequat in, consequat ut, nulla. Sed accumsan felis. Ut at dolor quis odio consequat varius.');
insert into productos (idproductos, img, price, brand, title, discount, description) values (159, 'http://dummyimage.com/117x229.png/5fa2dd/ffffff', 404, 'Inpixon ', 'Lettuce - Iceberg', 17, 'Integer tincidunt ante vel ipsum. Praesent blandit lacinia erat. Vestibulum sed magna at nunc commodo placerat.');
insert into productos (idproductos, img, price, brand, title, discount, description) values (160, 'http://dummyimage.com/145x206.png/5fa2dd/ffffff', 91, 'Dupont Fabros Technology, Inc.', 'Tequila - Sauza Silver', 13, 'Nullam sit amet turpis elementum ligula vehicula consequat. Morbi a ipsum. Integer a nibh.');
insert into productos (idproductos, img, price, brand, title, discount, description) values (161, 'http://dummyimage.com/165x138.png/ff4444/ffffff', 558, 'Eaton Vance Corporation', 'Bagelers - Cinn / Brown', 15, 'Praesent blandit. Nam nulla. Integer pede justo, lacinia eget, tincidunt eget, tempus vel, pede.');
insert into productos (idproductos, img, price, brand, title, discount, description) values (162, 'http://dummyimage.com/141x178.png/5fa2dd/ffffff', 43, 'United Microelectronics Corporation', 'Salt And Pepper Mix - Black', 16, 'Duis consequat dui nec nisi volutpat eleifend. Donec ut dolor. Morbi vel lectus in quam fringilla rhoncus.');
insert into productos (idproductos, img, price, brand, title, discount, description) values (163, 'http://dummyimage.com/156x119.png/ff4444/ffffff', 628, 'Great Ajax Corp.', 'Energy Drink Bawls', 15, 'In sagittis dui vel nisl. Duis ac nibh. Fusce lacus purus, aliquet at, feugiat non, pretium quis, lectus.');
insert into productos (idproductos, img, price, brand, title, discount, description) values (164, 'http://dummyimage.com/157x175.png/5fa2dd/ffffff', 213, 'Independence Holding Company', 'Appetizer - Crab And Brie', 7, 'Mauris enim leo, rhoncus sed, vestibulum sit amet, cursus id, turpis. Integer aliquet, massa id lobortis convallis, tortor risus dapibus augue, vel accumsan tellus nisi eu orci. Mauris lacinia sapien quis libero.');
insert into productos (idproductos, img, price, brand, title, discount, description) values (165, 'http://dummyimage.com/183x209.png/cc0000/ffffff', 92, 'Brady Corporation', 'Stock - Fish', 21, 'Mauris enim leo, rhoncus sed, vestibulum sit amet, cursus id, turpis. Integer aliquet, massa id lobortis convallis, tortor risus dapibus augue, vel accumsan tellus nisi eu orci. Mauris lacinia sapien quis libero.');
insert into productos (idproductos, img, price, brand, title, discount, description) values (166, 'http://dummyimage.com/183x106.png/cc0000/ffffff', 941, 'Zillow Group, Inc.', 'Wine - Puligny Montrachet A.', 9, 'Donec diam neque, vestibulum eget, vulputate ut, ultrices vel, augue. Vestibulum ante ipsum primis in faucibus orci luctus et ultrices posuere cubilia Curae; Donec pharetra, magna vestibulum aliquet ultrices, erat tortor sollicitudin mi, sit amet lobortis sapien sapien non mi. Integer ac neque.');
insert into productos (idproductos, img, price, brand, title, discount, description) values (167, 'http://dummyimage.com/131x100.png/ff4444/ffffff', 997, 'One Horizon Group, Inc.', 'Truffle Cups - White Paper', 25, 'Etiam vel augue. Vestibulum rutrum rutrum neque. Aenean auctor gravida sem.');
insert into productos (idproductos, img, price, brand, title, discount, description) values (168, 'http://dummyimage.com/151x139.png/5fa2dd/ffffff', 105, 'Heska Corporation', 'Sprouts - Bean', 6, 'Quisque porta volutpat erat. Quisque erat eros, viverra eget, congue eget, semper rutrum, nulla. Nunc purus.');
insert into productos (idproductos, img, price, brand, title, discount, description) values (169, 'http://dummyimage.com/135x160.png/cc0000/ffffff', 364, 'LG Display Co., Ltd.', 'Hot Choc Vending', 11, 'Vestibulum quam sapien, varius ut, blandit non, interdum in, ante. Vestibulum ante ipsum primis in faucibus orci luctus et ultrices posuere cubilia Curae; Duis faucibus accumsan odio. Curabitur convallis.');
insert into productos (idproductos, img, price, brand, title, discount, description) values (170, 'http://dummyimage.com/213x215.png/5fa2dd/ffffff', 446, 'Anworth Mortgage Asset  Corporation', 'Frangelico', 16, 'Nulla ut erat id mauris vulputate elementum. Nullam varius. Nulla facilisi.');
insert into productos (idproductos, img, price, brand, title, discount, description) values (171, 'http://dummyimage.com/202x103.png/5fa2dd/ffffff', 939, 'First Trust International IPO ETF', 'Shrimp - 16/20, Iqf, Shell On', 22, 'Nam ultrices, libero non mattis pulvinar, nulla pede ullamcorper augue, a suscipit nulla elit ac nulla. Sed vel enim sit amet nunc viverra dapibus. Nulla suscipit ligula in lacus.');
insert into productos (idproductos, img, price, brand, title, discount, description) values (172, 'http://dummyimage.com/108x173.png/ff4444/ffffff', 304, 'Morgan Stanley Emerging Markets Debt Fund, Inc.', 'Magnotta - Bel Paese White', 25, 'Proin leo odio, porttitor id, consequat in, consequat ut, nulla. Sed accumsan felis. Ut at dolor quis odio consequat varius.');
insert into productos (idproductos, img, price, brand, title, discount, description) values (173, 'http://dummyimage.com/161x232.png/dddddd/000000', 373, 'CAI International, Inc.', 'Bag Clear 10 Lb', 22, 'Aliquam quis turpis eget elit sodales scelerisque. Mauris sit amet eros. Suspendisse accumsan tortor quis turpis.');
insert into productos (idproductos, img, price, brand, title, discount, description) values (174, 'http://dummyimage.com/147x190.png/ff4444/ffffff', 643, 'Nevro Corp.', 'Cheese - Romano, Grated', 8, 'Integer ac leo. Pellentesque ultrices mattis odio. Donec vitae nisi.');
insert into productos (idproductos, img, price, brand, title, discount, description) values (175, 'http://dummyimage.com/226x127.png/dddddd/000000', 309, 'Blackrock MuniHoldings Investment Quality Fund', 'Soup Campbells Turkey Veg.', 25, 'Proin eu mi. Nulla ac enim. In tempor, turpis nec euismod scelerisque, quam turpis adipiscing lorem, vitae mattis nibh ligula nec sem.');
insert into productos (idproductos, img, price, brand, title, discount, description) values (176, 'http://dummyimage.com/161x196.png/ff4444/ffffff', 157, 'Lindblad Expeditions Holdings Inc. ', 'Venison - Denver Leg Boneless', 23, 'Nullam porttitor lacus at turpis. Donec posuere metus vitae ipsum. Aliquam non mauris.');
insert into productos (idproductos, img, price, brand, title, discount, description) values (177, 'http://dummyimage.com/179x198.png/ff4444/ffffff', 295, 'FS Investment Corporation', 'Veal - Round, Eye Of', 25, 'Aenean lectus. Pellentesque eget nunc. Donec quis orci eget orci vehicula condimentum.');
insert into productos (idproductos, img, price, brand, title, discount, description) values (178, 'http://dummyimage.com/220x169.png/5fa2dd/ffffff', 58, 'First Trust CEF Income Opportunity ETF', 'Sobe - Lizard Fuel', 16, 'Sed ante. Vivamus tortor. Duis mattis egestas metus.');
insert into productos (idproductos, img, price, brand, title, discount, description) values (179, 'http://dummyimage.com/193x122.png/cc0000/ffffff', 398, 'American International Group, Inc.', 'Chocolate Bar - Reese Pieces', 18, 'Aenean lectus. Pellentesque eget nunc. Donec quis orci eget orci vehicula condimentum.');
insert into productos (idproductos, img, price, brand, title, discount, description) values (180, 'http://dummyimage.com/229x114.png/ff4444/ffffff', 558, 'Euroseas Ltd.', 'Bananas', 10, 'Nullam porttitor lacus at turpis. Donec posuere metus vitae ipsum. Aliquam non mauris.');
insert into productos (idproductos, img, price, brand, title, discount, description) values (181, 'http://dummyimage.com/190x248.png/5fa2dd/ffffff', 373, 'Luxfer Holdings PLC', 'Beef - Striploin Aa', 23, 'Praesent blandit. Nam nulla. Integer pede justo, lacinia eget, tincidunt eget, tempus vel, pede.');
insert into productos (idproductos, img, price, brand, title, discount, description) values (182, 'http://dummyimage.com/111x136.png/ff4444/ffffff', 927, 'Village Bank and Trust Financial Corp.', 'Quail Eggs - Canned', 18, 'In congue. Etiam justo. Etiam pretium iaculis justo.');
insert into productos (idproductos, img, price, brand, title, discount, description) values (183, 'http://dummyimage.com/155x200.png/ff4444/ffffff', 182, 'Mednax, Inc', 'Muffin Mix - Chocolate Chip', 25, 'Curabitur gravida nisi at nibh. In hac habitasse platea dictumst. Aliquam augue quam, sollicitudin vitae, consectetuer eget, rutrum at, lorem.');
insert into productos (idproductos, img, price, brand, title, discount, description) values (184, 'http://dummyimage.com/203x116.png/cc0000/ffffff', 856, 'Ramaco Resources, Inc.', 'Beets - Candy Cane, Organic', 11, 'Sed ante. Vivamus tortor. Duis mattis egestas metus.');
insert into productos (idproductos, img, price, brand, title, discount, description) values (185, 'http://dummyimage.com/188x188.png/dddddd/000000', 219, 'Chanticleer Holdings, Inc.', 'Veal Inside - Provimi', 11, 'Quisque id justo sit amet sapien dignissim vestibulum. Vestibulum ante ipsum primis in faucibus orci luctus et ultrices posuere cubilia Curae; Nulla dapibus dolor vel est. Donec odio justo, sollicitudin ut, suscipit a, feugiat et, eros.');
insert into productos (idproductos, img, price, brand, title, discount, description) values (186, 'http://dummyimage.com/229x226.png/ff4444/ffffff', 408, 'Liquidity Services, Inc.', 'Sauce - White, Mix', 5, 'Sed ante. Vivamus tortor. Duis mattis egestas metus.');
insert into productos (idproductos, img, price, brand, title, discount, description) values (187, 'http://dummyimage.com/131x112.png/5fa2dd/ffffff', 625, 'Hingham Institution for Savings', 'Orange Roughy 6/8 Oz', 15, 'Praesent id massa id nisl venenatis lacinia. Aenean sit amet justo. Morbi ut odio.');
insert into productos (idproductos, img, price, brand, title, discount, description) values (188, 'http://dummyimage.com/205x166.png/cc0000/ffffff', 215, 'Identiv, Inc.', 'Cheese - Bocconcini', 23, 'Curabitur at ipsum ac tellus semper interdum. Mauris ullamcorper purus sit amet nulla. Quisque arcu libero, rutrum ac, lobortis vel, dapibus at, diam.');
insert into productos (idproductos, img, price, brand, title, discount, description) values (189, 'http://dummyimage.com/110x168.png/5fa2dd/ffffff', 990, 'Auburn National Bancorporation, Inc.', 'Pork - Liver', 11, 'Phasellus sit amet erat. Nulla tempus. Vivamus in felis eu sapien cursus vestibulum.');
insert into productos (idproductos, img, price, brand, title, discount, description) values (190, 'http://dummyimage.com/147x136.png/5fa2dd/ffffff', 968, 'Murphy Oil Corporation', 'Lettuce - Curly Endive', 20, 'Curabitur at ipsum ac tellus semper interdum. Mauris ullamcorper purus sit amet nulla. Quisque arcu libero, rutrum ac, lobortis vel, dapibus at, diam.');
insert into productos (idproductos, img, price, brand, title, discount, description) values (191, 'http://dummyimage.com/135x219.png/ff4444/ffffff', 24, 'First Trust Rising Dividend Achievers ETF', 'Puree - Kiwi', 24, 'Maecenas tristique, est et tempus semper, est quam pharetra magna, ac consequat metus sapien ut nunc. Vestibulum ante ipsum primis in faucibus orci luctus et ultrices posuere cubilia Curae; Mauris viverra diam vitae quam. Suspendisse potenti.');
insert into productos (idproductos, img, price, brand, title, discount, description) values (192, 'http://dummyimage.com/190x191.png/5fa2dd/ffffff', 91, 'Eclipse Resources Corporation', 'Wine - Champagne Brut Veuve', 20, 'Proin eu mi. Nulla ac enim. In tempor, turpis nec euismod scelerisque, quam turpis adipiscing lorem, vitae mattis nibh ligula nec sem.');
insert into productos (idproductos, img, price, brand, title, discount, description) values (193, 'http://dummyimage.com/179x238.png/cc0000/ffffff', 271, 'Blackrock Health Sciences Trust', 'Nut - Peanut, Roasted', 15, 'In sagittis dui vel nisl. Duis ac nibh. Fusce lacus purus, aliquet at, feugiat non, pretium quis, lectus.');
insert into productos (idproductos, img, price, brand, title, discount, description) values (194, 'http://dummyimage.com/186x113.png/dddddd/000000', 113, 'Realty Income Corporation', 'Nectarines', 16, 'Curabitur gravida nisi at nibh. In hac habitasse platea dictumst. Aliquam augue quam, sollicitudin vitae, consectetuer eget, rutrum at, lorem.');
insert into productos (idproductos, img, price, brand, title, discount, description) values (195, 'http://dummyimage.com/201x237.png/ff4444/ffffff', 713, 'At Home Group Inc.', 'Oil - Peanut', 22, 'Proin eu mi. Nulla ac enim. In tempor, turpis nec euismod scelerisque, quam turpis adipiscing lorem, vitae mattis nibh ligula nec sem.');
insert into productos (idproductos, img, price, brand, title, discount, description) values (196, 'http://dummyimage.com/147x138.png/cc0000/ffffff', 148, 'Independent Bank Group, Inc', 'Alize Gold Passion', 24, 'Nam ultrices, libero non mattis pulvinar, nulla pede ullamcorper augue, a suscipit nulla elit ac nulla. Sed vel enim sit amet nunc viverra dapibus. Nulla suscipit ligula in lacus.');
insert into productos (idproductos, img, price, brand, title, discount, description) values (197, 'http://dummyimage.com/106x132.png/ff4444/ffffff', 463, 'Planet Payment, Inc.', 'Lobster - Tail 6 Oz', 24, 'Fusce posuere felis sed lacus. Morbi sem mauris, laoreet ut, rhoncus aliquet, pulvinar sed, nisl. Nunc rhoncus dui vel sem.');
insert into productos (idproductos, img, price, brand, title, discount, description) values (198, 'http://dummyimage.com/144x141.png/ff4444/ffffff', 390, 'VictoryShares US Small Cap Volatility Wtd ETF', 'Brandy - Bar', 13, 'Proin interdum mauris non ligula pellentesque ultrices. Phasellus id sapien in sapien iaculis congue. Vivamus metus arcu, adipiscing molestie, hendrerit at, vulputate vitae, nisl.');
insert into productos (idproductos, img, price, brand, title, discount, description) values (199, 'http://dummyimage.com/146x164.png/ff4444/ffffff', 609, 'IBERIABANK Corporation', 'Shiro Miso', 23, 'Curabitur in libero ut massa volutpat convallis. Morbi odio odio, elementum eu, interdum eu, tincidunt in, leo. Maecenas pulvinar lobortis est.');
insert into productos (idproductos, img, price, brand, title, discount, description) values (200, 'http://dummyimage.com/140x164.png/dddddd/000000', 634, 'TICC Capital Corp.', 'Wine - Red, Mouton Cadet', 20, 'Morbi porttitor lorem id ligula. Suspendisse ornare consequat lectus. In est risus, auctor sed, tristique in, tempus sit amet, sem.');

